hour,log_count
2025-03-03 08:00:00,4746
2025-03-03 09:00:00,6360
2025-03-03 10:00:00,6704
2025-03-03 11:00:00,5932
2025-03-03 12:00:00,5719
2025-03-03 13:00:00,5825
2025-03-03 14:00:00,5567
2025-03-03 15:00:00,5306
2025-03-03 16:00:00,5722
2025-03-03 17:00:00,5457
2025-03-03 18:00:00,5416
2025-03-03 19:00:00,5466
2025-03-03 20:00:00,5410
2025-03-03 21:00:00,5486
2025-03-03 22:00:00,5486
2025-03-03 23:00:00,5481
2025-03-04 00:00:00,5113
2025-03-04 01:00:00,4964
2025-03-04 02:00:00,4921
2025-03-04 03:00:00,4958
2025-03-04 04:00:00,4931
2025-03-04 05:00:00,4663
2025-03-04 06:00:00,4498
2025-03-04 07:00:00,4787
2025-03-04 08:00:00,5697
2025-03-04 09:00:00,6005
2025-03-04 10:00:00,5923
2025-03-04 11:00:00,5932
2025-03-04 12:00:00,6266
2025-03-04 13:00:00,6271
2025-03-04 14:00:00,6000
2025-03-04 15:00:00,6125
2025-03-04 16:00:00,5940
2025-03-04 17:00:00,5917
2025-03-04 18:00:00,5730
2025-03-04 19:00:00,5667
2025-03-04 20:00:00,5636
2025-03-04 21:00:00,5815
2025-03-04 22:00:00,5785
2025-03-04 23:00:00,5499
2025-03-05 00:00:00,5604
2025-03-05 01:00:00,5654
2025-03-05 02:00:00,5797
2025-03-05 03:00:00,5985
2025-03-05 04:00:00,5971
2025-03-05 05:00:00,6006
2025-03-05 06:00:00,5749
2025-03-05 07:00:00,5741
2025-03-05 08:00:00,5922
2025-03-05 09:00:00,6343
2025-03-05 10:00:00,6521
2025-03-05 11:00:00,6230
2025-03-05 12:00:00,6226
2025-03-05 13:00:00,6066
2025-03-05 14:00:00,5842
2025-03-05 15:00:00,6302
2025-03-05 16:00:00,6086
2025-03-05 17:00:00,6309
2025-03-05 18:00:00,6166
2025-03-05 19:00:00,6080
2025-03-05 20:00:00,6070
2025-03-05 21:00:00,5941
2025-03-05 22:00:00,5831
2025-03-05 23:00:00,5802
2025-03-06 00:00:00,5827
2025-03-06 01:00:00,5809
2025-03-06 02:00:00,5813
2025-03-06 03:00:00,5818
2025-03-06 04:00:00,5802
2025-03-06 05:00:00,5840
2025-03-06 06:00:00,5802
2025-03-06 07:00:00,5809
2025-03-06 08:00:00,6320
2025-03-06 09:00:00,6339
2025-03-06 10:00:00,6459
2025-03-06 11:00:00,5970
2025-03-06 12:00:00,6348
2025-03-06 13:00:00,6333
2025-03-06 14:00:00,6515
2025-03-06 15:00:00,6491
2025-03-06 16:00:00,6475
2025-03-06 17:00:00,6312
2025-03-06 18:00:00,6465
2025-03-06 19:00:00,6308
2025-03-06 20:00:00,6433
2025-03-06 21:00:00,6203
2025-03-06 22:00:00,6117
2025-03-06 23:00:00,6034
2025-03-07 00:00:00,5848
2025-03-07 01:00:00,5803
2025-03-07 02:00:00,5803
2025-03-07 03:00:00,5827
2025-03-07 04:00:00,5782
2025-03-07 05:00:00,5627
2025-03-07 06:00:00,5817
2025-03-07 07:00:00,5853
2025-03-07 08:00:00,6261
2025-03-07 09:00:00,7508
2025-03-07 10:00:00,7081
2025-03-07 11:00:00,7282
2025-03-07 12:00:00,6073
2025-03-07 13:00:00,6887
2025-03-07 14:00:00,6301
2025-03-07 15:00:00,5963
2025-03-07 16:00:00,6111
2025-03-07 17:00:00,5941
2025-03-07 18:00:00,6017
2025-03-07 19:00:00,6144
2025-03-07 20:00:00,5973
2025-03-07 21:00:00,6041
2025-03-07 22:00:00,5942
2025-03-07 23:00:00,5896
2025-03-08 00:00:00,5768
2025-03-08 01:00:00,5743
2025-03-08 02:00:00,5774
2025-03-08 03:00:00,5731
2025-03-08 04:00:00,5701
2025-03-08 05:00:00,5714
2025-03-08 06:00:00,5718
2025-03-08 07:00:00,5691
2025-03-08 08:00:00,5739
2025-03-08 09:00:00,5692
2025-03-08 10:00:00,5722
2025-03-08 11:00:00,5735
2025-03-08 12:00:00,5707
2025-03-08 13:00:00,5734
2025-03-08 14:00:00,5422
2025-03-08 15:00:00,5446
2025-03-08 16:00:00,5680
2025-03-08 17:00:00,5555
2025-03-08 18:00:00,5191
2025-03-08 19:00:00,5029
2025-03-08 20:00:00,5225
2025-03-08 21:00:00,5433
2025-03-08 22:00:00,5445
2025-03-08 23:00:00,5474
2025-03-09 00:00:00,5484
2025-03-09 01:00:00,5472
2025-03-09 02:00:00,5331
2025-03-09 03:00:00,5211
2025-03-09 04:00:00,5203
2025-03-09 05:00:00,5209
2025-03-09 06:00:00,5204
2025-03-09 07:00:00,5214
2025-03-09 08:00:00,5486
2025-03-09 09:00:00,5674
2025-03-09 10:00:00,5664
2025-03-09 11:00:00,5721
2025-03-09 12:00:00,5566
2025-03-09 13:00:00,5530
2025-03-09 14:00:00,5482
2025-03-09 15:00:00,5498
2025-03-09 16:00:00,5602
2025-03-09 17:00:00,5953
2025-03-09 18:00:00,5979
2025-03-09 19:00:00,6078
2025-03-09 20:00:00,5992
2025-03-09 21:00:00,6006
2025-03-09 22:00:00,5988
2025-03-09 23:00:00,5672
2025-03-10 00:00:00,5231
2025-03-10 01:00:00,5211
2025-03-10 02:00:00,5215
2025-03-10 03:00:00,5227
2025-03-10 04:00:00,5211
2025-03-10 05:00:00,5205
2025-03-10 06:00:00,5206
2025-03-10 07:00:00,5571
2025-03-10 08:00:00,6716
2025-03-10 09:00:00,6225
2025-03-10 10:00:00,6321
2025-03-10 11:00:00,6473
2025-03-10 12:00:00,6539
2025-03-10 13:00:00,7210
2025-03-10 14:00:00,7375
2025-03-10 15:00:00,7248
2025-03-10 16:00:00,7204
2025-03-10 17:00:00,7219
2025-03-10 18:00:00,6230
2025-03-10 19:00:00,6326
2025-03-10 20:00:00,6366
2025-03-10 21:00:00,6046
2025-03-10 22:00:00,6044
2025-03-10 23:00:00,5862
2025-03-11 00:00:00,5543
2025-03-11 01:00:00,5472
2025-03-11 02:00:00,5532
2025-03-11 03:00:00,5549
2025-03-11 04:00:00,5590
2025-03-11 05:00:00,5828
2025-03-11 06:00:00,5593
2025-03-11 07:00:00,5540
2025-03-11 08:00:00,6560
2025-03-11 09:00:00,6648
2025-03-11 10:00:00,6747
2025-03-11 11:00:00,7602
2025-03-11 12:00:00,7848
2025-03-11 13:00:00,7397
2025-03-11 14:00:00,6656
2025-03-11 15:00:00,7397
2025-03-11 16:00:00,6972
2025-03-11 17:00:00,6296
2025-03-11 18:00:00,6288
2025-03-11 19:00:00,6637
2025-03-11 20:00:00,6541
2025-03-11 21:00:00,6251
2025-03-11 22:00:00,6458
2025-03-11 23:00:00,6773
2025-03-12 00:00:00,6761
2025-03-12 01:00:00,6850
2025-03-12 02:00:00,6661
2025-03-12 03:00:00,6542
2025-03-12 04:00:00,6618
2025-03-12 05:00:00,6584
2025-03-12 06:00:00,6524
2025-03-12 07:00:00,6785
2025-03-12 08:00:00,7774
2025-03-12 09:00:00,8295
2025-03-12 10:00:00,8803
2025-03-12 11:00:00,8595
2025-03-12 12:00:00,7793
2025-03-12 13:00:00,8082
2025-03-12 14:00:00,8187
2025-03-12 15:00:00,7935
2025-03-12 16:00:00,7530
2025-03-12 17:00:00,6655
2025-03-12 18:00:00,6997
2025-03-12 19:00:00,6991
2025-03-12 20:00:00,6904
2025-03-12 21:00:00,6830
2025-03-12 22:00:00,6650
2025-03-12 23:00:00,7219
2025-03-13 00:00:00,7784
2025-03-13 01:00:00,7808
2025-03-13 02:00:00,7799
2025-03-13 03:00:00,7835
2025-03-13 04:00:00,7774
2025-03-13 05:00:00,7861
2025-03-13 06:00:00,7808
2025-03-13 07:00:00,7815
2025-03-13 08:00:00,8108
2025-03-13 09:00:00,8311
2025-03-13 10:00:00,8420
2025-03-13 11:00:00,6247
2025-03-13 12:00:00,5265
2025-03-13 13:00:00,5267
2025-03-13 14:00:00,5342
2025-03-13 15:00:00,1960
2025-03-13 16:00:00,3836
2025-03-13 17:00:00,4356
2025-03-13 18:00:00,4362
2025-03-13 19:00:00,4301
2025-03-13 20:00:00,4113
2025-03-13 21:00:00,4133
2025-03-13 22:00:00,4109
2025-03-13 23:00:00,4340
2025-03-14 00:00:00,4753
2025-03-14 01:00:00,4375
2025-03-14 02:00:00,4385
2025-03-14 03:00:00,4384
2025-03-14 04:00:00,4366
2025-03-14 05:00:00,4374
2025-03-14 06:00:00,4406
2025-03-14 07:00:00,4384
2025-03-14 08:00:00,5069
2025-03-14 09:00:00,5497
2025-03-14 10:00:00,5679
2025-03-14 11:00:00,5548
2025-03-14 12:00:00,5619
2025-03-14 13:00:00,6080
2025-03-14 14:00:00,5809
2025-03-14 15:00:00,5612
2025-03-14 16:00:00,5885
2025-03-14 17:00:00,5843
2025-03-14 18:00:00,5607
2025-03-14 19:00:00,5877
2025-03-14 20:00:00,5905
2025-03-14 21:00:00,5884
2025-03-14 22:00:00,5808
2025-03-14 23:00:00,5653
2025-03-15 00:00:00,5627
2025-03-15 01:00:00,5635
2025-03-15 02:00:00,5606
2025-03-15 03:00:00,5648
2025-03-15 04:00:00,5628
2025-03-15 05:00:00,5584
2025-03-15 06:00:00,5611
2025-03-15 07:00:00,5606
2025-03-15 08:00:00,5897
2025-03-15 09:00:00,6028
2025-03-15 10:00:00,6117
2025-03-15 11:00:00,6128
2025-03-15 12:00:00,6060
2025-03-15 13:00:00,5857
2025-03-15 14:00:00,5854
2025-03-15 15:00:00,5857
2025-03-15 16:00:00,6127
2025-03-15 17:00:00,5911
2025-03-15 18:00:00,5854
2025-03-15 19:00:00,5858
2025-03-15 20:00:00,5879
2025-03-15 21:00:00,5847
2025-03-15 22:00:00,5856
2025-03-15 23:00:00,5848
2025-03-16 00:00:00,6021
2025-03-16 01:00:00,5909
2025-03-16 02:00:00,5905
2025-03-16 03:00:00,5854
2025-03-16 04:00:00,5844
2025-03-16 05:00:00,5854
2025-03-16 06:00:00,5854
2025-03-16 07:00:00,5878
2025-03-16 08:00:00,5849
2025-03-16 09:00:00,5865
2025-03-16 10:00:00,5864
2025-03-16 11:00:00,5989
2025-03-16 12:00:00,6193
2025-03-16 13:00:00,6076
2025-03-16 14:00:00,6030
2025-03-16 15:00:00,6001
2025-03-16 16:00:00,6451
2025-03-16 17:00:00,6666
2025-03-16 18:00:00,6875
2025-03-16 19:00:00,7118
2025-03-16 20:00:00,7377
2025-03-16 21:00:00,7322
2025-03-16 22:00:00,7145
2025-03-16 23:00:00,6788
2025-03-17 00:00:00,6728
2025-03-17 01:00:00,6776
2025-03-17 02:00:00,6714
2025-03-17 03:00:00,6727
2025-03-17 04:00:00,6728
2025-03-17 05:00:00,6725
2025-03-17 06:00:00,6746
2025-03-17 07:00:00,6826
2025-03-17 08:00:00,7097
2025-03-17 09:00:00,7107
2025-03-17 10:00:00,7612
2025-03-17 11:00:00,7511
2025-03-17 12:00:00,7466
2025-03-17 13:00:00,7516
2025-03-17 14:00:00,7408
2025-03-17 15:00:00,7505
2025-03-17 16:00:00,7379
2025-03-17 17:00:00,6661
2025-03-17 18:00:00,6850
2025-03-17 19:00:00,6868
2025-03-17 20:00:00,6841
2025-03-17 21:00:00,6847
2025-03-17 22:00:00,6781
2025-03-17 23:00:00,6633
2025-03-18 00:00:00,6334
2025-03-18 01:00:00,6055
2025-03-18 02:00:00,5963
2025-03-18 03:00:00,6102
2025-03-18 04:00:00,6079
2025-03-18 05:00:00,6090
2025-03-18 06:00:00,6099
2025-03-18 07:00:00,6089
2025-03-18 08:00:00,6429
2025-03-18 09:00:00,6605
2025-03-18 10:00:00,6469
2025-03-18 11:00:00,6320
2025-03-18 12:00:00,6402
2025-03-18 13:00:00,6326
2025-03-18 14:00:00,6295
2025-03-18 15:00:00,6234
2025-03-18 16:00:00,6290
2025-03-18 17:00:00,6308
2025-03-18 18:00:00,6535
2025-03-18 19:00:00,6559
2025-03-18 20:00:00,6550
2025-03-18 21:00:00,6411
2025-03-18 22:00:00,6307
2025-03-18 23:00:00,6050
2025-03-19 00:00:00,6040
2025-03-19 01:00:00,6034
2025-03-19 02:00:00,6040
2025-03-19 03:00:00,5805
2025-03-19 04:00:00,5766
2025-03-19 05:00:00,5801
2025-03-19 06:00:00,5776
2025-03-19 07:00:00,5789
2025-03-19 08:00:00,5894
2025-03-19 09:00:00,5733
2025-03-19 10:00:00,6193
2025-03-19 11:00:00,6160
2025-03-19 12:00:00,6408
2025-03-19 13:00:00,6557
2025-03-19 14:00:00,7079
2025-03-19 15:00:00,7474
2025-03-19 16:00:00,6890
2025-03-19 17:00:00,5904
2025-03-19 18:00:00,5862
2025-03-19 19:00:00,6215
2025-03-19 20:00:00,6262
2025-03-19 21:00:00,6270
2025-03-19 22:00:00,5891
2025-03-19 23:00:00,6083
2025-03-20 00:00:00,6032
2025-03-20 01:00:00,6048
2025-03-20 02:00:00,6080
2025-03-20 03:00:00,6160
2025-03-20 04:00:00,6328
2025-03-20 05:00:00,6285
2025-03-20 06:00:00,6278
2025-03-20 07:00:00,6287
2025-03-20 08:00:00,7406
2025-03-20 09:00:00,7627
2025-03-20 10:00:00,7638
2025-03-20 11:00:00,7392
2025-03-20 12:00:00,7004
2025-03-20 13:00:00,6486
2025-03-20 14:00:00,7542
2025-03-20 15:00:00,7521
2025-03-20 16:00:00,7300
2025-03-20 17:00:00,6043
2025-03-20 18:00:00,5873
2025-03-20 19:00:00,5830
2025-03-20 20:00:00,5802
2025-03-20 21:00:00,5825
2025-03-20 22:00:00,6201
2025-03-20 23:00:00,5822
2025-03-21 00:00:00,5823
2025-03-21 01:00:00,5826
2025-03-21 02:00:00,5831
2025-03-21 03:00:00,5827
2025-03-21 04:00:00,5821
2025-03-21 05:00:00,6031
2025-03-21 06:00:00,6093
2025-03-21 07:00:00,6706
2025-03-21 08:00:00,7212
2025-03-21 09:00:00,7619
2025-03-21 10:00:00,7417
2025-03-21 11:00:00,6660
2025-03-21 12:00:00,6849
2025-03-21 13:00:00,6674
2025-03-21 14:00:00,6707
2025-03-21 15:00:00,6577
2025-03-21 16:00:00,6947
2025-03-21 17:00:00,6633
2025-03-21 18:00:00,6763
2025-03-21 19:00:00,6770
2025-03-21 20:00:00,6605
2025-03-21 21:00:00,6596
2025-03-21 22:00:00,6771
2025-03-21 23:00:00,6762
2025-03-22 00:00:00,6405
2025-03-22 01:00:00,5964
2025-03-22 02:00:00,5974
2025-03-22 03:00:00,5989
2025-03-22 04:00:00,5950
2025-03-22 05:00:00,6001
2025-03-22 06:00:00,5979
2025-03-22 07:00:00,5772
2025-03-22 08:00:00,5706
2025-03-22 09:00:00,6228
2025-03-22 10:00:00,6451
2025-03-22 11:00:00,6340
2025-03-22 12:00:00,6315
2025-03-22 13:00:00,6343
2025-03-22 14:00:00,6496
2025-03-22 15:00:00,6567
2025-03-22 16:00:00,6794
2025-03-22 17:00:00,6756
2025-03-22 18:00:00,6773
2025-03-22 19:00:00,6631
2025-03-22 20:00:00,6439
2025-03-22 21:00:00,6449
2025-03-22 22:00:00,6398
2025-03-22 23:00:00,6252
2025-03-23 00:00:00,6263
2025-03-23 01:00:00,6262
2025-03-23 02:00:00,6294
2025-03-23 03:00:00,6280
2025-03-23 04:00:00,6262
2025-03-23 05:00:00,6309
2025-03-23 06:00:00,6269
2025-03-23 07:00:00,6253
2025-03-23 08:00:00,6373
2025-03-23 09:00:00,6172
2025-03-23 10:00:00,6099
2025-03-23 11:00:00,6275
2025-03-23 12:00:00,6259
2025-03-23 13:00:00,6246
2025-03-23 14:00:00,6326
2025-03-23 15:00:00,6280
2025-03-23 16:00:00,6260
2025-03-23 17:00:00,6004
2025-03-23 18:00:00,5953
2025-03-23 19:00:00,5958
2025-03-23 20:00:00,6045
2025-03-23 21:00:00,5974
2025-03-23 22:00:00,5812
2025-03-23 23:00:00,5712
2025-03-24 00:00:00,5737
2025-03-24 01:00:00,5745
2025-03-24 02:00:00,5711
2025-03-24 03:00:00,5741
2025-03-24 04:00:00,5706
2025-03-24 05:00:00,5715
2025-03-24 06:00:00,5727
2025-03-24 07:00:00,5750
2025-03-24 08:00:00,5730
2025-03-24 09:00:00,5704
2025-03-24 10:00:00,5668
2025-03-24 11:00:00,5963
2025-03-24 12:00:00,6282
2025-03-24 13:00:00,6202
2025-03-24 14:00:00,6623
2025-03-24 15:00:00,6550
2025-03-24 16:00:00,6531
2025-03-24 17:00:00,6360
2025-03-24 18:00:00,6173
2025-03-24 19:00:00,6189
2025-03-24 20:00:00,6201
2025-03-24 21:00:00,6315
2025-03-24 22:00:00,6159
2025-03-24 23:00:00,6174
2025-03-25 00:00:00,6171
2025-03-25 01:00:00,5939
2025-03-25 02:00:00,5899
2025-03-25 03:00:00,5964
2025-03-25 04:00:00,6232
2025-03-25 05:00:00,6209
2025-03-25 06:00:00,6199
2025-03-25 07:00:00,6180
2025-03-25 08:00:00,6495
2025-03-25 09:00:00,6357
2025-03-25 10:00:00,6582
2025-03-25 11:00:00,6423
2025-03-25 12:00:00,6418
2025-03-25 13:00:00,6356
2025-03-25 14:00:00,6312
2025-03-25 15:00:00,6512
2025-03-25 16:00:00,6706
2025-03-25 17:00:00,6652
2025-03-25 18:00:00,6335
2025-03-25 19:00:00,6469
2025-03-25 20:00:00,6210
2025-03-25 21:00:00,6189
2025-03-25 22:00:00,6182
2025-03-25 23:00:00,6192
2025-03-26 00:00:00,5830
2025-03-26 01:00:00,5450
2025-03-26 02:00:00,5462
2025-03-26 03:00:00,5452
2025-03-26 04:00:00,5389
2025-03-26 05:00:00,5676
2025-03-26 06:00:00,5666
2025-03-26 07:00:00,5623
2025-03-26 08:00:00,5993
2025-03-26 09:00:00,6119
2025-03-26 10:00:00,6224
2025-03-26 11:00:00,6201
2025-03-26 12:00:00,6130
2025-03-26 13:00:00,6287
2025-03-26 14:00:00,6143
2025-03-26 15:00:00,5875
2025-03-26 16:00:00,6016
2025-03-26 17:00:00,6225
2025-03-26 18:00:00,6183
2025-03-26 19:00:00,6261
2025-03-26 20:00:00,6184
2025-03-26 21:00:00,6349
2025-03-26 22:00:00,6264
2025-03-26 23:00:00,5839
2025-03-27 00:00:00,5663
2025-03-27 01:00:00,5673
2025-03-27 02:00:00,5697
2025-03-27 03:00:00,5673
2025-03-27 04:00:00,5478
2025-03-27 05:00:00,5658
2025-03-27 06:00:00,5694
2025-03-27 07:00:00,5665
2025-03-27 08:00:00,5668
2025-03-27 09:00:00,5785
2025-03-27 10:00:00,5801
2025-03-27 11:00:00,6027
2025-03-27 12:00:00,6240
2025-03-27 13:00:00,6382
2025-03-27 14:00:00,6650
2025-03-27 15:00:00,6602
2025-03-27 16:00:00,6563
2025-03-27 17:00:00,6568
2025-03-27 18:00:00,6762
2025-03-27 19:00:00,6795
2025-03-27 20:00:00,6520
2025-03-27 21:00:00,6718
2025-03-27 22:00:00,6792
2025-03-27 23:00:00,6786
2025-03-28 00:00:00,6587
2025-03-28 01:00:00,6504
2025-03-28 02:00:00,6483
2025-03-28 03:00:00,6501
2025-03-28 04:00:00,6507
2025-03-28 05:00:00,6515
2025-03-28 06:00:00,6518
2025-03-28 07:00:00,6766
2025-03-28 08:00:00,7083
2025-03-28 09:00:00,7085
2025-03-28 10:00:00,7327
2025-03-28 11:00:00,7443
2025-03-28 12:00:00,7131
2025-03-28 13:00:00,7181
2025-03-28 14:00:00,7138
2025-03-28 15:00:00,8156
2025-03-28 16:00:00,7687
2025-03-28 17:00:00,7807
2025-03-28 18:00:00,7845
2025-03-28 19:00:00,7452
2025-03-28 20:00:00,7293
2025-03-28 21:00:00,7303
2025-03-28 22:00:00,7272
2025-03-28 23:00:00,7303
2025-03-29 00:00:00,7267
2025-03-29 01:00:00,7288
2025-03-29 02:00:00,7277
2025-03-29 03:00:00,7220
2025-03-29 04:00:00,7043
2025-03-29 05:00:00,7080
2025-03-29 06:00:00,7056
2025-03-29 07:00:00,7047
2025-03-29 08:00:00,7021
2025-03-29 09:00:00,7055
2025-03-29 10:00:00,7346
2025-03-29 11:00:00,7493
2025-03-29 12:00:00,7048
2025-03-29 13:00:00,7493
2025-03-29 14:00:00,7277
2025-03-29 15:00:00,7151
2025-03-29 16:00:00,6999
2025-03-29 17:00:00,6825
2025-03-29 18:00:00,6744
2025-03-29 19:00:00,6577
2025-03-29 20:00:00,6728
2025-03-29 21:00:00,6512
2025-03-29 22:00:00,6498
2025-03-29 23:00:00,6505
2025-03-30 00:00:00,6322
2025-03-30 01:00:00,5762
2025-03-30 02:00:00,5718
2025-03-30 03:00:00,5730
2025-03-30 04:00:00,5765
2025-03-30 05:00:00,5782
2025-03-30 06:00:00,5772
2025-03-30 07:00:00,5770
2025-03-30 08:00:00,5492
2025-03-30 09:00:00,5878
2025-03-30 10:00:00,6236
2025-03-30 11:00:00,6226
2025-03-30 12:00:00,6238
2025-03-30 13:00:00,6225
2025-03-30 14:00:00,6240
2025-03-30 15:00:00,6227
2025-03-30 16:00:00,6222
2025-03-30 17:00:00,6228
2025-03-30 18:00:00,6265
2025-03-30 19:00:00,6254
2025-03-30 20:00:00,6524
2025-03-30 21:00:00,6509
2025-03-30 22:00:00,6573
2025-03-30 23:00:00,6365
2025-03-31 00:00:00,6310
2025-03-31 01:00:00,6266
2025-03-31 02:00:00,6284
2025-03-31 03:00:00,6270
2025-03-31 04:00:00,6300
2025-03-31 05:00:00,6262
2025-03-31 06:00:00,6276
2025-03-31 07:00:00,6280
2025-03-31 08:00:00,6281
2025-03-31 09:00:00,6038
2025-03-31 10:00:00,6187
2025-03-31 11:00:00,5816
2025-03-31 12:00:00,5792
2025-03-31 13:00:00,5638
2025-03-31 14:00:00,5723
2025-03-31 15:00:00,5681
2025-03-31 16:00:00,5632
2025-03-31 17:00:00,5708
2025-03-31 18:00:00,5782
2025-03-31 19:00:00,5771
2025-03-31 20:00:00,5790
2025-03-31 21:00:00,5738
2025-03-31 22:00:00,5769
2025-03-31 23:00:00,5763
2025-04-01 00:00:00,5767
2025-04-01 01:00:00,5774
2025-04-01 02:00:00,5806
2025-04-01 03:00:00,5775
2025-04-01 04:00:00,5773
2025-04-01 05:00:00,5790
2025-04-01 06:00:00,5803
2025-04-01 07:00:00,5803
2025-04-01 08:00:00,5850
2025-04-01 09:00:00,6264
2025-04-01 10:00:00,6931
2025-04-01 11:00:00,6605
2025-04-01 12:00:00,6354
2025-04-01 13:00:00,6453
2025-04-01 14:00:00,8169
2025-04-01 15:00:00,13390
2025-04-01 16:00:00,11957
2025-04-01 17:00:00,12501
2025-04-01 18:00:00,12544
2025-04-01 19:00:00,12783
2025-04-01 20:00:00,11955
2025-04-01 21:00:00,6421
2025-04-01 22:00:00,6365
2025-04-01 23:00:00,6022
2025-04-02 00:00:00,6367
2025-04-02 01:00:00,6427
2025-04-02 02:00:00,6398
2025-04-02 03:00:00,6490
2025-04-02 04:00:00,6427
2025-04-02 05:00:00,6422
2025-04-02 06:00:00,6419
2025-04-02 07:00:00,6394
2025-04-02 08:00:00,6399
2025-04-02 09:00:00,6559
2025-04-02 10:00:00,6625
2025-04-02 11:00:00,6751
2025-04-02 12:00:00,6771
2025-04-02 13:00:00,7653
2025-04-02 14:00:00,7017
2025-04-02 15:00:00,6489
2025-04-02 16:00:00,6627
2025-04-02 17:00:00,6355
2025-04-02 18:00:00,6288
2025-04-02 19:00:00,6276
2025-04-02 20:00:00,6303
2025-04-02 21:00:00,7885
2025-04-02 22:00:00,7775
2025-04-02 23:00:00,5998
2025-04-03 00:00:00,5587
2025-04-03 01:00:00,5269
2025-04-03 02:00:00,5271
2025-04-03 03:00:00,5261
2025-04-03 04:00:00,5281
2025-04-03 05:00:00,5295
2025-04-03 06:00:00,5352
2025-04-03 07:00:00,5285
2025-04-03 08:00:00,5980
2025-04-03 09:00:00,13948
2025-04-03 10:00:00,20476
2025-04-03 11:00:00,11744
2025-04-03 12:00:00,11040
2025-04-03 13:00:00,10698
2025-04-03 14:00:00,5751
2025-04-03 15:00:00,5985
2025-04-03 16:00:00,6058
2025-04-03 17:00:00,5810
2025-04-03 18:00:00,5758
2025-04-03 19:00:00,5718
2025-04-03 20:00:00,5711
2025-04-03 21:00:00,5730
2025-04-03 22:00:00,5713
2025-04-03 23:00:00,5737
2025-04-04 00:00:00,5726
2025-04-04 01:00:00,5581
2025-04-04 02:00:00,5449
2025-04-04 03:00:00,5496
2025-04-04 04:00:00,5471
2025-04-04 05:00:00,5448
2025-04-04 06:00:00,5446
2025-04-04 07:00:00,5499
2025-04-04 08:00:00,6164
2025-04-04 09:00:00,6389
2025-04-04 10:00:00,6585
2025-04-04 11:00:00,6590
2025-04-04 12:00:00,6736
2025-04-04 13:00:00,6506
2025-04-04 14:00:00,6441
2025-04-04 15:00:00,6333
2025-04-04 16:00:00,6231
2025-04-04 17:00:00,6023
2025-04-04 18:00:00,6064
2025-04-04 19:00:00,6018
2025-04-04 20:00:00,6024
2025-04-04 21:00:00,6021
2025-04-04 22:00:00,6016
2025-04-04 23:00:00,6007
2025-04-05 00:00:00,6018
2025-04-05 01:00:00,6040
2025-04-05 02:00:00,6023
2025-04-05 03:00:00,6017
2025-04-05 04:00:00,6021
2025-04-05 05:00:00,6025
2025-04-05 06:00:00,6029
2025-04-05 07:00:00,6065
2025-04-05 08:00:00,6579
2025-04-05 09:00:00,6732
2025-04-05 10:00:00,6858
2025-04-05 11:00:00,6586
2025-04-05 12:00:00,6565
2025-04-05 13:00:00,6571
2025-04-05 14:00:00,6428
2025-04-05 15:00:00,6338
2025-04-05 16:00:00,6305
2025-04-05 17:00:00,6301
2025-04-05 18:00:00,6297
2025-04-05 19:00:00,6490
2025-04-05 20:00:00,6486
2025-04-05 21:00:00,6616
2025-04-05 22:00:00,6811
2025-04-05 23:00:00,6829
2025-04-06 00:00:00,6841
2025-04-06 01:00:00,6631
2025-04-06 02:00:00,6576
2025-04-06 03:00:00,6588
2025-04-06 04:00:00,6567
2025-04-06 05:00:00,6563
2025-04-06 06:00:00,6629
2025-04-06 07:00:00,6577
2025-04-06 08:00:00,6292
2025-04-06 09:00:00,6295
2025-04-06 10:00:00,6192
2025-04-06 11:00:00,6127
2025-04-06 12:00:00,6156
2025-04-06 13:00:00,6282
2025-04-06 14:00:00,6129
2025-04-06 15:00:00,6298
2025-04-06 16:00:00,6291
2025-04-06 17:00:00,6285
2025-04-06 18:00:00,6280
2025-04-06 19:00:00,6432
2025-04-06 20:00:00,6579
2025-04-06 21:00:00,6425
2025-04-06 22:00:00,6290
2025-04-06 23:00:00,6279
2025-04-07 00:00:00,6197
2025-04-07 01:00:00,5495
2025-04-07 02:00:00,5509
2025-04-07 03:00:00,5522
2025-04-07 04:00:00,5496
2025-04-07 05:00:00,5494
2025-04-07 06:00:00,5477
2025-04-07 07:00:00,5390
2025-04-07 08:00:00,5925
2025-04-07 09:00:00,5999
2025-04-07 10:00:00,5861
2025-04-07 11:00:00,5811
2025-04-07 12:00:00,5820
2025-04-07 13:00:00,5860
2025-04-07 14:00:00,5929
2025-04-07 15:00:00,5801
2025-04-07 16:00:00,5756
2025-04-07 17:00:00,5803
2025-04-07 18:00:00,5836
2025-04-07 19:00:00,5821
2025-04-07 20:00:00,5771
2025-04-07 21:00:00,5838
2025-04-07 22:00:00,5821
2025-04-07 23:00:00,5794
2025-04-08 00:00:00,5811
2025-04-08 01:00:00,5785
2025-04-08 02:00:00,5812
2025-04-08 03:00:00,5792
2025-04-08 04:00:00,5663
2025-04-08 05:00:00,5822
2025-04-08 06:00:00,5604
2025-04-08 07:00:00,5693
2025-04-08 08:00:00,5550
2025-04-08 09:00:00,5554
2025-04-08 10:00:00,5660
2025-04-08 11:00:00,5762
2025-04-08 12:00:00,5668
2025-04-08 13:00:00,5760
2025-04-08 14:00:00,5704
2025-04-08 15:00:00,5982
2025-04-08 16:00:00,6009
2025-04-08 17:00:00,5944
2025-04-08 18:00:00,6169
2025-04-08 19:00:00,6347
2025-04-08 20:00:00,6339
2025-04-08 21:00:00,6368
2025-04-08 22:00:00,6281
2025-04-08 23:00:00,6505
2025-04-09 00:00:00,6216
2025-04-09 01:00:00,6279
2025-04-09 02:00:00,6146
2025-04-09 03:00:00,6035
2025-04-09 04:00:00,6042
2025-04-09 05:00:00,6022
2025-04-09 06:00:00,6017
2025-04-09 07:00:00,6015
2025-04-09 08:00:00,6159
2025-04-09 09:00:00,5789
2025-04-09 10:00:00,5550
2025-04-09 11:00:00,5477
2025-04-09 12:00:00,5301
2025-04-09 13:00:00,5252
2025-04-09 14:00:00,4941
2025-04-09 15:00:00,4941
2025-04-09 16:00:00,4965
2025-04-09 17:00:00,5310
2025-04-09 18:00:00,5348
2025-04-09 19:00:00,5134
2025-04-09 20:00:00,5308
2025-04-09 21:00:00,5314
2025-04-09 22:00:00,5277
2025-04-09 23:00:00,5136
2025-04-10 00:00:00,5065
2025-04-10 01:00:00,5071
2025-04-10 02:00:00,5058
2025-04-10 03:00:00,5060
2025-04-10 04:00:00,5069
2025-04-10 05:00:00,5055
2025-04-10 06:00:00,5066
2025-04-10 07:00:00,5076
2025-04-10 08:00:00,5113
2025-04-10 09:00:00,5397
2025-04-10 10:00:00,5239
2025-04-10 11:00:00,5147
2025-04-10 12:00:00,5348
2025-04-10 13:00:00,5584
2025-04-10 14:00:00,5561
2025-04-10 15:00:00,5398
2025-04-10 16:00:00,5429
2025-04-10 17:00:00,5451
2025-04-10 18:00:00,5313
2025-04-10 19:00:00,5030
2025-04-10 20:00:00,5124
2025-04-10 21:00:00,5256
2025-04-10 22:00:00,5114
2025-04-10 23:00:00,5255
2025-04-11 00:00:00,4691
2025-04-11 01:00:00,4516
2025-04-11 02:00:00,4518
2025-04-11 03:00:00,4440
2025-04-11 04:00:00,4541
2025-04-11 05:00:00,4521
2025-04-11 06:00:00,4511
2025-04-11 07:00:00,4492
2025-04-11 08:00:00,4868
2025-04-11 09:00:00,5747
2025-04-11 10:00:00,5902
2025-04-11 11:00:00,5644
2025-04-11 12:00:00,5439
2025-04-11 13:00:00,5410
2025-04-11 14:00:00,5816
2025-04-11 15:00:00,5830
2025-04-11 16:00:00,5801
2025-04-11 17:00:00,5810
2025-04-11 18:00:00,5938
2025-04-11 19:00:00,5942
2025-04-11 20:00:00,5956
2025-04-11 21:00:00,5956
2025-04-11 22:00:00,5960
2025-04-11 23:00:00,5969
2025-04-12 00:00:00,5737
2025-04-12 01:00:00,5235
2025-04-12 02:00:00,5253
2025-04-12 03:00:00,4996
2025-04-12 04:00:00,4987
2025-04-12 05:00:00,4989
2025-04-12 06:00:00,4973
2025-04-12 07:00:00,4995
2025-04-12 08:00:00,5409
2025-04-12 09:00:00,6059
2025-04-12 10:00:00,6220
2025-04-12 11:00:00,6265
2025-04-12 12:00:00,6265
2025-04-12 13:00:00,6067
2025-04-12 14:00:00,5979
2025-04-12 15:00:00,5995
2025-04-12 16:00:00,5979
2025-04-12 17:00:00,6098
2025-04-12 18:00:00,6266
2025-04-12 19:00:00,5747
2025-04-12 20:00:00,5837
2025-04-12 21:00:00,5649
2025-04-12 22:00:00,5740
2025-04-12 23:00:00,5744
2025-04-13 00:00:00,6015
2025-04-13 01:00:00,5752
2025-04-13 02:00:00,5887
2025-04-13 03:00:00,5756
2025-04-13 04:00:00,5748
2025-04-13 05:00:00,5763
2025-04-13 06:00:00,5739
2025-04-13 07:00:00,5760
2025-04-13 08:00:00,5752
2025-04-13 09:00:00,5745
2025-04-13 10:00:00,5743
2025-04-13 11:00:00,5779
2025-04-13 12:00:00,5736
2025-04-13 13:00:00,5740
2025-04-13 14:00:00,5750
2025-04-13 15:00:00,5561
2025-04-13 16:00:00,5467
2025-04-13 17:00:00,5473
2025-04-13 18:00:00,5699
2025-04-13 19:00:00,5728
2025-04-13 20:00:00,5510
2025-04-13 21:00:00,5462
2025-04-13 22:00:00,5469
2025-04-13 23:00:00,5483
2025-04-14 00:00:00,5379
2025-04-14 01:00:00,5244
2025-04-14 02:00:00,5243
2025-04-14 03:00:00,5240
2025-04-14 04:00:00,5241
2025-04-14 05:00:00,5248
2025-04-14 06:00:00,5255
2025-04-14 07:00:00,5295
2025-04-14 08:00:00,5556
2025-04-14 09:00:00,5575
2025-04-14 10:00:00,5435
2025-04-14 11:00:00,5508
2025-04-14 12:00:00,5337
2025-04-14 13:00:00,5447
2025-04-14 14:00:00,5639
2025-04-14 15:00:00,6017
2025-04-14 16:00:00,6134
2025-04-14 17:00:00,6093
2025-04-14 18:00:00,5801
2025-04-14 19:00:00,5503
2025-04-14 20:00:00,5515
2025-04-14 21:00:00,5525
2025-04-14 22:00:00,5542
2025-04-14 23:00:00,5504
2025-04-15 00:00:00,5488
2025-04-15 01:00:00,5369
2025-04-15 02:00:00,5487
2025-04-15 03:00:00,5491
2025-04-15 04:00:00,5486
2025-04-15 05:00:00,5491
2025-04-15 06:00:00,5493
2025-04-15 07:00:00,5448
2025-04-15 08:00:00,5834
2025-04-15 09:00:00,5842
2025-04-15 10:00:00,5642
2025-04-15 11:00:00,5887
2025-04-15 12:00:00,5792
2025-04-15 13:00:00,5643
2025-04-15 14:00:00,5314
2025-04-15 15:00:00,5249
2025-04-15 16:00:00,5032
2025-04-15 17:00:00,5149
2025-04-15 18:00:00,5174
2025-04-15 19:00:00,5328
2025-04-15 20:00:00,5354
2025-04-15 21:00:00,5332
2025-04-15 22:00:00,5342
2025-04-15 23:00:00,5449
2025-04-16 00:00:00,4890
2025-04-16 01:00:00,4503
2025-04-16 02:00:00,4488
2025-04-16 03:00:00,4505
2025-04-16 04:00:00,4583
2025-04-16 05:00:00,4488
2025-04-16 06:00:00,4503
2025-04-16 07:00:00,4503
2025-04-16 08:00:00,5092
2025-04-16 09:00:00,5548
2025-04-16 10:00:00,5778
2025-04-16 11:00:00,5812
2025-04-16 12:00:00,5912
2025-04-16 13:00:00,6190
2025-04-16 14:00:00,6342
2025-04-16 15:00:00,6437
2025-04-16 16:00:00,6627
2025-04-16 17:00:00,6634
2025-04-16 18:00:00,6492
2025-04-16 19:00:00,6401
2025-04-16 20:00:00,6412
2025-04-16 21:00:00,6602
2025-04-16 22:00:00,6695
2025-04-16 23:00:00,6889
2025-04-17 00:00:00,6782
2025-04-17 01:00:00,6585
2025-04-17 02:00:00,6578
2025-04-17 03:00:00,6583
2025-04-17 04:00:00,6671
2025-04-17 05:00:00,6310
2025-04-17 06:00:00,6302
2025-04-17 07:00:00,6295
2025-04-17 08:00:00,6438
2025-04-17 09:00:00,6032
2025-04-17 10:00:00,5857
2025-04-17 11:00:00,5940
2025-04-17 12:00:00,6148
2025-04-17 13:00:00,6337
2025-04-17 14:00:00,6225
2025-04-17 15:00:00,6263
2025-04-17 16:00:00,6418
2025-04-17 17:00:00,6349
2025-04-17 18:00:00,6333
2025-04-17 19:00:00,6334
2025-04-17 20:00:00,6333
2025-04-17 21:00:00,6308
2025-04-17 22:00:00,6300
2025-04-17 23:00:00,6294
2025-04-18 00:00:00,6312
2025-04-18 01:00:00,6325
2025-04-18 02:00:00,6133
2025-04-18 03:00:00,6076
2025-04-18 04:00:00,6056
2025-04-18 05:00:00,6024
2025-04-18 06:00:00,6079
2025-04-18 07:00:00,6328
2025-04-18 08:00:00,6375
2025-04-18 09:00:00,6089
2025-04-18 10:00:00,6134
2025-04-18 11:00:00,6070
2025-04-18 12:00:00,6172
2025-04-18 13:00:00,6329
2025-04-18 14:00:00,6613
2025-04-18 15:00:00,6716
2025-04-18 16:00:00,6507
2025-04-18 17:00:00,6330
2025-04-18 18:00:00,6302
2025-04-18 19:00:00,6283
2025-04-18 20:00:00,6276
2025-04-18 21:00:00,6122
2025-04-18 22:00:00,6045
2025-04-18 23:00:00,5995
2025-04-19 00:00:00,5994
2025-04-19 01:00:00,6007
2025-04-19 02:00:00,6256
2025-04-19 03:00:00,6279
2025-04-19 04:00:00,6258
2025-04-19 05:00:00,6262
2025-04-19 06:00:00,6284
2025-04-19 07:00:00,6253
2025-04-19 08:00:00,6257
2025-04-19 09:00:00,6267
2025-04-19 10:00:00,6270
2025-04-19 11:00:00,6257
2025-04-19 12:00:00,6260
2025-04-19 13:00:00,6249
2025-04-19 14:00:00,6258
2025-04-19 15:00:00,6259
2025-04-19 16:00:00,6410
2025-04-19 17:00:00,6580
2025-04-19 18:00:00,6745
2025-04-19 19:00:00,6355
2025-04-19 20:00:00,6519
2025-04-19 21:00:00,6514
2025-04-19 22:00:00,6532
2025-04-19 23:00:00,6528
2025-04-20 00:00:00,6429
2025-04-20 01:00:00,5792
2025-04-20 02:00:00,5797
2025-04-20 03:00:00,5814
2025-04-20 04:00:00,5802
2025-04-20 05:00:00,5803
2025-04-20 06:00:00,5786
2025-04-20 07:00:00,5793
2025-04-20 08:00:00,5797
2025-04-20 09:00:00,5803
2025-04-20 10:00:00,5857
2025-04-20 11:00:00,6523
2025-04-20 12:00:00,6532
2025-04-20 13:00:00,6590
2025-04-20 14:00:00,6523
2025-04-20 15:00:00,6522
2025-04-20 16:00:00,6518
2025-04-20 17:00:00,6532
2025-04-20 18:00:00,6580
2025-04-20 19:00:00,6549
2025-04-20 20:00:00,6713
2025-04-20 21:00:00,6817
2025-04-20 22:00:00,6665
2025-04-20 23:00:00,6542
2025-04-21 00:00:00,6154
2025-04-21 01:00:00,5791
2025-04-21 02:00:00,5792
2025-04-21 03:00:00,5825
2025-04-21 04:00:00,5812
2025-04-21 05:00:00,5804
2025-04-21 06:00:00,5807
2025-04-21 07:00:00,5806
2025-04-21 08:00:00,6161
2025-04-21 09:00:00,6514
2025-04-21 10:00:00,6457
2025-04-21 11:00:00,6684
2025-04-21 12:00:00,6850
2025-04-21 13:00:00,6936
2025-04-21 14:00:00,6852
2025-04-21 15:00:00,6956
2025-04-21 16:00:00,7112
2025-04-21 17:00:00,7161
2025-04-21 18:00:00,7100
2025-04-21 19:00:00,7111
2025-04-21 20:00:00,7099
2025-04-21 21:00:00,7093
2025-04-21 22:00:00,6824
2025-04-21 23:00:00,6843
2025-04-22 00:00:00,6876
2025-04-22 01:00:00,6820
2025-04-22 02:00:00,6836
2025-04-22 03:00:00,6840
2025-04-22 04:00:00,6814
2025-04-22 05:00:00,6805
2025-04-22 06:00:00,6688
2025-04-22 07:00:00,6572
2025-04-22 08:00:00,6266
2025-04-22 09:00:00,5970
2025-04-22 10:00:00,5968
2025-04-22 11:00:00,5838
2025-04-22 12:00:00,6003
2025-04-22 13:00:00,6075
2025-04-22 14:00:00,6074
2025-04-22 15:00:00,6057
2025-04-22 16:00:00,6129
2025-04-22 17:00:00,6053
2025-04-22 18:00:00,6044
2025-04-22 19:00:00,6011
2025-04-22 20:00:00,6002
2025-04-22 21:00:00,6034
2025-04-22 22:00:00,6015
2025-04-22 23:00:00,6006
2025-04-23 00:00:00,6003
2025-04-23 01:00:00,6005
2025-04-23 02:00:00,5983
2025-04-23 03:00:00,6157
2025-04-23 04:00:00,6244
2025-04-23 05:00:00,6230
2025-04-23 06:00:00,6231
2025-04-23 07:00:00,6284
2025-04-23 08:00:00,6304
2025-04-23 09:00:00,6152
2025-04-23 10:00:00,6262
2025-04-23 11:00:00,6065
2025-04-23 12:00:00,6010
2025-04-23 13:00:00,5858
2025-04-23 14:00:00,6216
2025-04-23 15:00:00,6196
2025-04-23 16:00:00,5600
2025-04-23 17:00:00,5881
2025-04-23 18:00:00,5776
2025-04-23 19:00:00,5813
2025-04-23 20:00:00,5941
2025-04-23 21:00:00,5940
2025-04-23 22:00:00,6127
2025-04-23 23:00:00,5965
2025-04-24 00:00:00,5658
2025-04-24 01:00:00,5317
2025-04-24 02:00:00,5316
2025-04-24 03:00:00,5326
2025-04-24 04:00:00,5316
2025-04-24 05:00:00,5334
2025-04-24 06:00:00,5316
2025-04-24 07:00:00,5333
2025-04-24 08:00:00,5821
2025-04-24 09:00:00,6130
2025-04-24 10:00:00,6304
2025-04-24 11:00:00,6340
2025-04-24 12:00:00,6320
2025-04-24 13:00:00,6364
2025-04-24 14:00:00,6117
2025-04-24 15:00:00,6155
2025-04-24 16:00:00,6202
2025-04-24 17:00:00,6109
2025-04-24 18:00:00,6336
2025-04-24 19:00:00,6315
2025-04-24 20:00:00,6571
2025-04-24 21:00:00,6446
2025-04-24 22:00:00,6318
2025-04-24 23:00:00,6323
2025-04-25 00:00:00,6178
2025-04-25 01:00:00,6037
2025-04-25 02:00:00,6041
2025-04-25 03:00:00,6033
2025-04-25 04:00:00,6080
2025-04-25 05:00:00,6053
2025-04-25 06:00:00,6057
2025-04-25 07:00:00,5936
2025-04-25 08:00:00,6206
2025-04-25 09:00:00,6078
2025-04-25 10:00:00,6085
2025-04-25 11:00:00,6174
2025-04-25 12:00:00,6104
2025-04-25 13:00:00,6053
2025-04-25 14:00:00,6105
2025-04-25 15:00:00,5834
2025-04-25 16:00:00,5810
2025-04-25 17:00:00,5801
2025-04-25 18:00:00,5787
2025-04-25 19:00:00,5804
2025-04-25 20:00:00,5840
2025-04-25 21:00:00,5901
2025-04-25 22:00:00,5790
2025-04-25 23:00:00,5773
2025-04-26 00:00:00,5769
2025-04-26 01:00:00,5760
2025-04-26 02:00:00,5796
2025-04-26 03:00:00,5771
2025-04-26 04:00:00,5756
2025-04-26 05:00:00,5768
2025-04-26 06:00:00,5775
2025-04-26 07:00:00,5781
2025-04-26 08:00:00,6053
2025-04-26 09:00:00,6037
2025-04-26 10:00:00,6099
2025-04-26 11:00:00,6331
2025-04-26 12:00:00,6342
2025-04-26 13:00:00,6463
2025-04-26 14:00:00,6318
2025-04-26 15:00:00,6323
2025-04-26 16:00:00,6622
2025-04-26 17:00:00,6312
2025-04-26 18:00:00,6311
2025-04-26 19:00:00,6351
2025-04-26 20:00:00,6301
2025-04-26 21:00:00,6312
2025-04-26 22:00:00,6304
2025-04-26 23:00:00,6314
2025-04-27 00:00:00,6311
2025-04-27 01:00:00,6301
2025-04-27 02:00:00,6314
2025-04-27 03:00:00,6362
2025-04-27 04:00:00,6319
2025-04-27 05:00:00,6341
2025-04-27 06:00:00,6345
2025-04-27 07:00:00,6306
2025-04-27 08:00:00,6285
2025-04-27 09:00:00,6306
2025-04-27 10:00:00,6294
2025-04-27 11:00:00,6312
2025-04-27 12:00:00,6333
2025-04-27 13:00:00,6311
2025-04-27 14:00:00,6313
2025-04-27 15:00:00,6310
2025-04-27 16:00:00,6362
2025-04-27 17:00:00,6313
2025-04-27 18:00:00,6314
2025-04-27 19:00:00,6300
2025-04-27 20:00:00,6168
2025-04-27 21:00:00,6030
2025-04-27 22:00:00,6029
2025-04-27 23:00:00,6029
2025-04-28 00:00:00,6099
2025-04-28 01:00:00,5857
2025-04-28 02:00:00,5749
2025-04-28 03:00:00,5751
2025-04-28 04:00:00,5752
2025-04-28 05:00:00,5748
2025-04-28 06:00:00,5745
2025-04-28 07:00:00,5761
2025-04-28 08:00:00,6065
2025-04-28 09:00:00,5930
2025-04-28 10:00:00,6311
2025-04-28 11:00:00,6399
2025-04-28 12:00:00,6401
2025-04-28 13:00:00,6521
2025-04-28 14:00:00,6478
2025-04-28 15:00:00,6465
2025-04-28 16:00:00,6548
2025-04-28 17:00:00,6206
2025-04-28 18:00:00,6307
2025-04-28 19:00:00,6110
2025-04-28 20:00:00,6056
2025-04-28 21:00:00,6040
2025-04-28 22:00:00,6064
2025-04-28 23:00:00,6036
2025-04-29 00:00:00,6038
2025-04-29 01:00:00,6031
2025-04-29 02:00:00,6045
2025-04-29 03:00:00,6081
2025-04-29 04:00:00,6039
2025-04-29 05:00:00,6050
2025-04-29 06:00:00,6051
2025-04-29 07:00:00,6429
2025-04-29 08:00:00,6051
2025-04-29 09:00:00,6166
2025-04-29 10:00:00,6211
2025-04-29 11:00:00,6093
2025-04-29 12:00:00,6251
2025-04-29 13:00:00,6365
2025-04-29 14:00:00,5948
2025-04-29 15:00:00,5829
2025-04-29 16:00:00,5783
2025-04-29 17:00:00,6042
2025-04-29 18:00:00,5549
2025-04-29 19:00:00,5555
2025-04-29 20:00:00,5680
2025-04-29 21:00:00,5851
2025-04-29 22:00:00,5882
2025-04-29 23:00:00,5821
2025-04-30 00:00:00,5610
2025-04-30 01:00:00,5594
2025-04-30 02:00:00,5546
2025-04-30 03:00:00,5542
2025-04-30 04:00:00,5732
2025-04-30 05:00:00,5821
2025-04-30 06:00:00,5840
2025-04-30 07:00:00,5854
2025-04-30 08:00:00,5955
2025-04-30 09:00:00,6002
2025-04-30 10:00:00,5860
2025-04-30 11:00:00,5388
2025-04-30 12:00:00,5145
2025-04-30 13:00:00,5433
2025-04-30 14:00:00,5675
2025-04-30 15:00:00,5733
2025-04-30 16:00:00,5746
2025-04-30 17:00:00,5563
2025-04-30 18:00:00,5283
2025-04-30 19:00:00,5343
2025-04-30 20:00:00,5351
2025-04-30 21:00:00,5302
2025-04-30 22:00:00,5370
2025-04-30 23:00:00,5341
2025-05-01 00:00:00,5306
2025-05-01 01:00:00,5354
2025-05-01 02:00:00,5300
2025-05-01 03:00:00,5313
2025-05-01 04:00:00,5319
2025-05-01 05:00:00,5295
2025-05-01 06:00:00,5288
2025-05-01 07:00:00,5298
2025-05-01 08:00:00,6058
2025-05-01 09:00:00,6046
2025-05-01 10:00:00,6038
2025-05-01 11:00:00,6043
2025-05-01 12:00:00,6163
2025-05-01 13:00:00,6360
2025-05-01 14:00:00,6229
2025-05-01 15:00:00,6344
2025-05-01 16:00:00,6351
2025-05-01 17:00:00,6260
2025-05-01 18:00:00,5933
2025-05-01 19:00:00,5917
2025-05-01 20:00:00,5919
2025-05-01 21:00:00,6070
2025-05-01 22:00:00,6072
2025-05-01 23:00:00,5946
2025-05-02 00:00:00,5964
2025-05-02 01:00:00,5830
2025-05-02 02:00:00,5802
2025-05-02 03:00:00,5836
2025-05-02 04:00:00,5839
2025-05-02 05:00:00,5809
2025-05-02 06:00:00,5839
2025-05-02 07:00:00,5793
2025-05-02 08:00:00,6068
2025-05-02 09:00:00,6087
2025-05-02 10:00:00,6101
2025-05-02 11:00:00,5911
2025-05-02 12:00:00,5806
2025-05-02 13:00:00,5881
2025-05-02 14:00:00,5860
2025-05-02 15:00:00,5821
2025-05-02 16:00:00,5811
2025-05-02 17:00:00,5814
2025-05-02 18:00:00,5894
2025-05-02 19:00:00,6102
2025-05-02 20:00:00,6135
2025-05-02 21:00:00,6618
2025-05-02 22:00:00,6123
2025-05-02 23:00:00,6160
2025-05-03 00:00:00,6118
2025-05-03 01:00:00,6114
2025-05-03 02:00:00,6127
2025-05-03 03:00:00,6043
2025-05-03 04:00:00,6071
2025-05-03 05:00:00,6145
2025-05-03 06:00:00,6103
2025-05-03 07:00:00,6132
2025-05-03 08:00:00,6120
2025-05-03 09:00:00,6175
2025-05-03 10:00:00,6174
2025-05-03 11:00:00,6116
2025-05-03 12:00:00,6109
2025-05-03 13:00:00,6123
2025-05-03 14:00:00,6167
2025-05-03 15:00:00,6136
2025-05-03 16:00:00,6101
2025-05-03 17:00:00,6090
2025-05-03 18:00:00,6382
2025-05-03 19:00:00,6414
2025-05-03 20:00:00,6401
2025-05-03 21:00:00,6367
2025-05-03 22:00:00,6127
2025-05-03 23:00:00,6359
2025-05-04 00:00:00,6225
2025-05-04 01:00:00,6086
2025-05-04 02:00:00,6081
2025-05-04 03:00:00,6089
2025-05-04 04:00:00,6104
2025-05-04 05:00:00,6088
2025-05-04 06:00:00,6077
2025-05-04 07:00:00,5967
2025-05-04 08:00:00,6086
2025-05-04 09:00:00,6109
2025-05-04 10:00:00,6083
2025-05-04 11:00:00,6096
2025-05-04 12:00:00,6106
2025-05-04 13:00:00,6097
2025-05-04 14:00:00,6088
2025-05-04 15:00:00,5961
2025-05-04 16:00:00,5934
2025-05-04 17:00:00,6115
2025-05-04 18:00:00,5904
2025-05-04 19:00:00,5881
2025-05-04 20:00:00,5810
2025-05-04 21:00:00,5809
2025-05-04 22:00:00,5833
2025-05-04 23:00:00,5717
2025-05-05 00:00:00,5601
2025-05-05 01:00:00,5535
2025-05-05 02:00:00,5535
2025-05-05 03:00:00,5545
2025-05-05 04:00:00,5536
2025-05-05 05:00:00,5542
2025-05-05 06:00:00,5346
2025-05-05 07:00:00,5322
2025-05-05 08:00:00,5869
2025-05-05 09:00:00,5547
2025-05-05 10:00:00,5929
2025-05-05 11:00:00,5798
2025-05-05 12:00:00,5825
2025-05-05 13:00:00,5796
2025-05-05 14:00:00,5802
2025-05-05 15:00:00,5844
2025-05-05 16:00:00,5410
2025-05-05 17:00:00,5310
2025-05-05 18:00:00,5314
2025-05-05 19:00:00,5302
2025-05-05 20:00:00,5337
2025-05-05 21:00:00,5294
2025-05-05 22:00:00,5262
2025-05-05 23:00:00,5306
2025-05-06 00:00:00,4913
2025-05-06 01:00:00,4539
2025-05-06 02:00:00,4560
2025-05-06 03:00:00,4526
2025-05-06 04:00:00,4512
2025-05-06 05:00:00,4520
2025-05-06 06:00:00,4533
2025-05-06 07:00:00,4538
2025-05-06 08:00:00,5606
2025-05-06 09:00:00,6395
2025-05-06 10:00:00,6095
2025-05-06 11:00:00,5853
2025-05-06 12:00:00,5772
2025-05-06 13:00:00,5645
2025-05-06 14:00:00,5936
2025-05-06 15:00:00,5813
2025-05-06 16:00:00,5818
2025-05-06 17:00:00,5862
2025-05-06 18:00:00,5882
2025-05-06 19:00:00,5575
2025-05-06 20:00:00,5537
2025-05-06 21:00:00,5553
2025-05-06 22:00:00,5692
2025-05-06 23:00:00,5542
2025-05-07 00:00:00,5588
2025-05-07 01:00:00,5576
2025-05-07 02:00:00,5650
2025-05-07 03:00:00,5430
2025-05-07 04:00:00,5266
2025-05-07 05:00:00,5274
2025-05-07 06:00:00,5279
2025-05-07 07:00:00,5290
2025-05-07 08:00:00,5613
2025-05-07 09:00:00,5498
2025-05-07 10:00:00,5237
2025-05-07 11:00:00,5319
2025-05-07 12:00:00,5287
2025-05-07 13:00:00,5355
2025-05-07 14:00:00,5321
2025-05-07 15:00:00,5147
2025-05-07 16:00:00,5290
2025-05-07 17:00:00,5747
2025-05-07 18:00:00,5669
2025-05-07 19:00:00,5772
2025-05-07 20:00:00,5552
2025-05-07 21:00:00,5550
2025-05-07 22:00:00,5540
2025-05-07 23:00:00,5546
2025-05-08 00:00:00,5562
2025-05-08 01:00:00,5551
2025-05-08 02:00:00,5594
2025-05-08 03:00:00,5543
2025-05-08 04:00:00,5557
2025-05-08 05:00:00,5551
2025-05-08 06:00:00,5540
2025-05-08 07:00:00,5541
2025-05-08 08:00:00,5538
2025-05-08 09:00:00,5538
2025-05-08 10:00:00,5579
2025-05-08 11:00:00,5297
2025-05-08 12:00:00,5256
2025-05-08 13:00:00,4990
2025-05-08 14:00:00,4987
2025-05-08 15:00:00,4994
2025-05-08 16:00:00,4986
2025-05-08 17:00:00,5015
2025-05-08 18:00:00,5014
2025-05-08 19:00:00,5342
2025-05-08 20:00:00,5370
2025-05-08 21:00:00,5261
2025-05-08 22:00:00,5281
2025-05-08 23:00:00,5312
2025-05-09 00:00:00,4941
2025-05-09 01:00:00,4540
2025-05-09 02:00:00,4511
2025-05-09 03:00:00,4513
2025-05-09 04:00:00,4506
2025-05-09 05:00:00,4526
2025-05-09 06:00:00,4550
2025-05-09 07:00:00,4454
2025-05-09 08:00:00,4715
2025-05-09 09:00:00,4808
2025-05-09 10:00:00,5466
2025-05-09 11:00:00,5752
2025-05-09 12:00:00,5811
2025-05-09 13:00:00,5817
2025-05-09 14:00:00,5800
2025-05-09 15:00:00,5857
2025-05-09 16:00:00,5934
2025-05-09 17:00:00,6080
2025-05-09 18:00:00,6082
2025-05-09 19:00:00,6078
2025-05-09 20:00:00,6070
2025-05-09 21:00:00,6351
2025-05-09 22:00:00,6352
2025-05-09 23:00:00,6343
2025-05-10 00:00:00,6081
2025-05-10 01:00:00,5383
2025-05-10 02:00:00,5356
2025-05-10 03:00:00,5361
2025-05-10 04:00:00,5340
2025-05-10 05:00:00,5362
2025-05-10 06:00:00,5327
2025-05-10 07:00:00,5346
2025-05-10 08:00:00,5367
2025-05-10 09:00:00,5867
2025-05-10 10:00:00,6352
2025-05-10 11:00:00,6359
2025-05-10 12:00:00,6216
2025-05-10 13:00:00,6078
2025-05-10 14:00:00,6031
2025-05-10 15:00:00,5978
2025-05-10 16:00:00,6075
2025-05-10 17:00:00,6147
2025-05-10 18:00:00,6061
2025-05-10 19:00:00,6091
2025-05-10 20:00:00,6131
2025-05-10 21:00:00,6106
2025-05-10 22:00:00,6089
2025-05-10 23:00:00,6113
2025-05-11 00:00:00,6085
2025-05-11 01:00:00,6068
2025-05-11 02:00:00,6073
2025-05-11 03:00:00,6073
2025-05-11 04:00:00,6071
2025-05-11 05:00:00,6085
2025-05-11 06:00:00,6073
2025-05-11 07:00:00,6071
2025-05-11 08:00:00,6177
2025-05-11 09:00:00,6343
2025-05-11 10:00:00,6511
2025-05-11 11:00:00,6642
2025-05-11 12:00:00,6648
2025-05-11 13:00:00,6626
2025-05-11 14:00:00,6624
2025-05-11 15:00:00,6554
2025-05-11 16:00:00,6355
2025-05-11 17:00:00,6354
2025-05-11 18:00:00,6349
2025-05-11 19:00:00,6341
2025-05-11 20:00:00,6271
2025-05-11 21:00:00,6084
2025-05-11 22:00:00,6074
2025-05-11 23:00:00,6121
2025-05-12 00:00:00,6066
2025-05-12 01:00:00,6124
2025-05-12 02:00:00,6069
2025-05-12 03:00:00,6191
2025-05-12 04:00:00,6333
2025-05-12 05:00:00,6350
2025-05-12 06:00:00,6347
2025-05-12 07:00:00,6402
2025-05-12 08:00:00,6400
2025-05-12 09:00:00,6248
2025-05-12 10:00:00,6335
2025-05-12 11:00:00,6004
2025-05-12 12:00:00,6144
2025-05-12 13:00:00,6143
2025-05-12 14:00:00,5983
2025-05-12 15:00:00,5732
2025-05-12 16:00:00,5521
2025-05-12 17:00:00,5650
2025-05-12 18:00:00,5551
2025-05-12 19:00:00,5535
2025-05-12 20:00:00,5532
2025-05-12 21:00:00,5547
2025-05-12 22:00:00,5512
2025-05-12 23:00:00,5484
2025-05-13 00:00:00,5525
2025-05-13 01:00:00,5514
2025-05-13 02:00:00,5523
2025-05-13 03:00:00,5518
2025-05-13 04:00:00,5528
2025-05-13 05:00:00,5521
2025-05-13 06:00:00,5470
2025-05-13 07:00:00,5572
2025-05-13 08:00:00,5321
2025-05-13 09:00:00,5887
2025-05-13 10:00:00,10135
2025-05-13 11:00:00,10196
2025-05-13 12:00:00,10010
2025-05-13 13:00:00,9699
2025-05-13 14:00:00,8835
2025-05-13 15:00:00,8830
2025-05-13 16:00:00,8754
2025-05-13 17:00:00,8450
2025-05-13 18:00:00,8206
2025-05-13 19:00:00,8069
2025-05-13 20:00:00,7889
2025-05-13 21:00:00,7671
2025-05-13 22:00:00,7480
2025-05-13 23:00:00,7615
2025-05-14 00:00:00,7332
2025-05-14 01:00:00,6830
2025-05-14 02:00:00,6833
2025-05-14 03:00:00,6826
2025-05-14 04:00:00,6844
2025-05-14 05:00:00,6844
2025-05-14 06:00:00,6513
2025-05-14 07:00:00,6603
2025-05-14 08:00:00,6894
2025-05-14 09:00:00,7288
2025-05-14 10:00:00,7182
2025-05-14 11:00:00,7169
2025-05-14 12:00:00,7183
2025-05-14 13:00:00,6968
2025-05-14 14:00:00,6881
2025-05-14 15:00:00,6877
2025-05-14 16:00:00,6841
2025-05-14 17:00:00,6805
2025-05-14 18:00:00,6748
2025-05-14 19:00:00,6730
2025-05-14 20:00:00,6737
2025-05-14 21:00:00,6766
2025-05-14 22:00:00,6808
2025-05-14 23:00:00,6811
2025-05-15 00:00:00,6749
2025-05-15 01:00:00,6545
2025-05-15 02:00:00,6753
2025-05-15 03:00:00,6772
2025-05-15 04:00:00,6749
2025-05-15 05:00:00,6772
2025-05-15 06:00:00,6746
2025-05-15 07:00:00,6761
2025-05-15 08:00:00,7170
2025-05-15 09:00:00,7097
2025-05-15 10:00:00,7114
2025-05-15 11:00:00,6833
2025-05-15 12:00:00,6828
2025-05-15 13:00:00,6397
2025-05-15 14:00:00,6324
2025-05-15 15:00:00,6330
2025-05-15 16:00:00,6342
2025-05-15 17:00:00,6407
2025-05-15 18:00:00,6602
2025-05-15 19:00:00,6545
2025-05-15 20:00:00,6584
2025-05-15 21:00:00,6468
2025-05-15 22:00:00,6328
2025-05-15 23:00:00,6333
2025-05-16 00:00:00,6086
2025-05-16 01:00:00,6464
2025-05-16 02:00:00,6042
2025-05-16 03:00:00,5997
2025-05-16 04:00:00,6047
2025-05-16 05:00:00,6064
2025-05-16 06:00:00,6057
2025-05-16 07:00:00,6109
2025-05-16 08:00:00,6264
2025-05-16 09:00:00,6621
2025-05-16 10:00:00,6853
2025-05-16 11:00:00,6980
2025-05-16 12:00:00,7127
2025-05-16 13:00:00,6870
2025-05-16 14:00:00,7077
2025-05-16 15:00:00,7302
2025-05-16 16:00:00,7134
2025-05-16 17:00:00,7173
2025-05-16 18:00:00,7176
2025-05-16 19:00:00,7041
2025-05-16 20:00:00,7102
2025-05-16 21:00:00,7343
2025-05-16 22:00:00,6856
2025-05-16 23:00:00,6617
2025-05-17 00:00:00,6606
2025-05-17 01:00:00,6645
2025-05-17 02:00:00,6631
2025-05-17 03:00:00,6619
2025-05-17 04:00:00,6604
2025-05-17 05:00:00,6606
2025-05-17 06:00:00,6614
2025-05-17 07:00:00,6628
2025-05-17 08:00:00,6585
2025-05-17 09:00:00,6632
2025-05-17 10:00:00,6598
2025-05-17 11:00:00,6610
2025-05-17 12:00:00,6640
2025-05-17 13:00:00,6608
2025-05-17 14:00:00,6652
2025-05-17 15:00:00,6861
2025-05-17 16:00:00,6865
2025-05-17 17:00:00,6840
2025-05-17 18:00:00,6671
2025-05-17 19:00:00,6858
2025-05-17 20:00:00,6858
2025-05-17 21:00:00,6862
2025-05-17 22:00:00,6887
2025-05-17 23:00:00,6856
2025-05-18 00:00:00,6889
2025-05-18 01:00:00,6154
2025-05-18 02:00:00,6122
2025-05-18 03:00:00,6131
2025-05-18 04:00:00,6115
2025-05-18 05:00:00,6164
2025-05-18 06:00:00,6118
2025-05-18 07:00:00,6139
2025-05-18 08:00:00,6130
2025-05-18 09:00:00,6672
2025-05-18 10:00:00,7140
2025-05-18 11:00:00,7153
2025-05-18 12:00:00,7158
2025-05-18 13:00:00,7153
2025-05-18 14:00:00,7448
2025-05-18 15:00:00,7675
2025-05-18 16:00:00,7694
2025-05-18 17:00:00,7585
2025-05-18 18:00:00,7407
2025-05-18 19:00:00,7406
2025-05-18 20:00:00,7396
2025-05-18 21:00:00,7410
2025-05-18 22:00:00,7875
2025-05-18 23:00:00,7399
2025-05-19 00:00:00,7389
2025-05-19 01:00:00,7392
2025-05-19 02:00:00,7427
2025-05-19 03:00:00,7409
2025-05-19 04:00:00,7440
2025-05-19 05:00:00,7416
2025-05-19 06:00:00,7398
2025-05-19 07:00:00,7413
2025-05-19 08:00:00,7376
2025-05-19 09:00:00,7113
2025-05-19 10:00:00,6924
2025-05-19 11:00:00,6893
2025-05-19 12:00:00,7546
2025-05-19 13:00:00,7055
2025-05-19 14:00:00,6747
2025-05-19 15:00:00,6631
2025-05-19 16:00:00,6873
2025-05-19 17:00:00,6570
2025-05-19 18:00:00,6553
2025-05-19 19:00:00,6557
2025-05-19 20:00:00,6706
2025-05-19 21:00:00,6364
2025-05-19 22:00:00,6281
2025-05-19 23:00:00,6206
2025-05-20 00:00:00,6416
2025-05-20 01:00:00,6805
2025-05-20 02:00:00,6791
2025-05-20 03:00:00,6794
2025-05-20 04:00:00,6622
2025-05-20 05:00:00,6798
2025-05-20 06:00:00,6789
2025-05-20 07:00:00,6790
2025-05-20 08:00:00,7105
2025-05-20 09:00:00,6705
2025-05-20 10:00:00,6697
2025-05-20 11:00:00,6856
2025-05-20 12:00:00,6375
2025-05-20 13:00:00,6411
2025-05-20 14:00:00,5912
2025-05-20 15:00:00,6060
2025-05-20 16:00:00,5709
2025-05-20 17:00:00,5499
2025-05-20 18:00:00,5631
2025-05-20 19:00:00,5259
2025-05-20 20:00:00,5607
2025-05-20 21:00:00,5420
2025-05-20 22:00:00,5268
2025-05-20 23:00:00,5442
2025-05-21 00:00:00,5440
2025-05-21 01:00:00,5434
2025-05-21 02:00:00,5437
2025-05-21 03:00:00,5447
2025-05-21 04:00:00,5495
2025-05-21 05:00:00,5451
2025-05-21 06:00:00,5574
2025-05-21 07:00:00,5725
2025-05-21 08:00:00,6029
2025-05-21 09:00:00,5932
2025-05-21 10:00:00,6031
2025-05-21 11:00:00,6025
2025-05-21 12:00:00,5991
2025-05-21 13:00:00,5964
2025-05-21 14:00:00,5969
2025-05-21 15:00:00,5946
2025-05-21 16:00:00,5935
2025-05-21 17:00:00,5939
2025-05-21 18:00:00,5952
2025-05-21 19:00:00,6006
2025-05-21 20:00:00,5946
2025-05-21 21:00:00,5939
2025-05-21 22:00:00,6194
2025-05-21 23:00:00,6212
2025-05-22 00:00:00,5736
2025-05-22 01:00:00,5485
2025-05-22 02:00:00,5510
2025-05-22 03:00:00,5487
2025-05-22 04:00:00,5474
2025-05-22 05:00:00,5484
2025-05-22 06:00:00,5477
2025-05-22 07:00:00,5499
2025-05-22 08:00:00,5813
2025-05-22 09:00:00,5995
2025-05-22 10:00:00,5868
2025-05-22 11:00:00,6018
2025-05-22 12:00:00,5895
2025-05-22 13:00:00,5463
2025-05-22 14:00:00,5640
2025-05-22 15:00:00,5718
2025-05-22 16:00:00,5669
2025-05-22 17:00:00,5619
2025-05-22 18:00:00,5975
2025-05-22 19:00:00,5982
2025-05-22 20:00:00,5944
2025-05-22 21:00:00,5960
2025-05-22 22:00:00,5966
2025-05-22 23:00:00,5817
2025-05-23 00:00:00,5701
2025-05-23 01:00:00,5680
2025-05-23 02:00:00,5674
2025-05-23 03:00:00,5691
2025-05-23 04:00:00,5685
2025-05-23 05:00:00,5684
2025-05-23 06:00:00,5686
2025-05-23 07:00:00,5695
2025-05-23 08:00:00,6096
2025-05-23 09:00:00,6035
2025-05-23 10:00:00,6222
2025-05-23 11:00:00,6016
2025-05-23 12:00:00,6013
2025-05-23 13:00:00,6042
2025-05-23 14:00:00,6138
2025-05-23 15:00:00,6041
2025-05-23 16:00:00,6023
2025-05-23 17:00:00,5951
2025-05-23 18:00:00,5939
2025-05-23 19:00:00,5948
2025-05-23 20:00:00,5954
2025-05-23 21:00:00,5954
2025-05-23 22:00:00,5939
2025-05-23 23:00:00,5943
2025-05-24 00:00:00,5947
2025-05-24 01:00:00,5948
2025-05-24 02:00:00,5954
2025-05-24 03:00:00,5942
2025-05-24 04:00:00,5978
2025-05-24 05:00:00,5961
2025-05-24 06:00:00,5951
2025-05-24 07:00:00,5934
2025-05-24 08:00:00,6218
2025-05-24 09:00:00,6231
2025-05-24 10:00:00,6260
2025-05-24 11:00:00,6239
2025-05-24 12:00:00,6255
2025-05-24 13:00:00,6239
2025-05-24 14:00:00,6275
2025-05-24 15:00:00,6238
2025-05-24 16:00:00,6230
2025-05-24 17:00:00,6226
2025-05-24 18:00:00,6236
2025-05-24 19:00:00,6057
2025-05-24 20:00:00,5954
2025-05-24 21:00:00,5941
2025-05-24 22:00:00,5943
2025-05-24 23:00:00,5980
2025-05-25 00:00:00,5953
2025-05-25 01:00:00,5937
2025-05-25 02:00:00,5805
2025-05-25 03:00:00,5999
2025-05-25 04:00:00,6271
2025-05-25 05:00:00,5958
2025-05-25 06:00:00,5950
2025-05-25 07:00:00,5944
2025-05-25 08:00:00,6256
2025-05-25 09:00:00,6105
2025-05-25 10:00:00,5979
2025-05-25 11:00:00,5983
2025-05-25 12:00:00,5974
2025-05-25 13:00:00,5963
2025-05-25 14:00:00,5972
2025-05-25 15:00:00,5962
2025-05-25 16:00:00,6200
2025-05-25 17:00:00,6218
2025-05-25 18:00:00,6216
2025-05-25 19:00:00,6224
2025-05-25 20:00:00,6217
2025-05-25 21:00:00,6244
2025-05-25 22:00:00,6222
2025-05-25 23:00:00,6214
2025-05-26 00:00:00,6218
2025-05-26 01:00:00,5601
2025-05-26 02:00:00,5490
2025-05-26 03:00:00,5486
2025-05-26 04:00:00,5477
2025-05-26 05:00:00,5491
2025-05-26 06:00:00,5487
2025-05-26 07:00:00,5497
2025-05-26 08:00:00,5804
2025-05-26 09:00:00,5864
2025-05-26 10:00:00,6119
2025-05-26 11:00:00,6302
2025-05-26 12:00:00,6342
2025-05-26 13:00:00,6403
2025-05-26 14:00:00,6880
2025-05-26 15:00:00,6629
2025-05-26 16:00:00,6594
2025-05-26 17:00:00,6571
2025-05-26 18:00:00,6521
2025-05-26 19:00:00,6503
2025-05-26 20:00:00,6505
2025-05-26 21:00:00,6516
2025-05-26 22:00:00,6390
2025-05-26 23:00:00,6495
2025-05-27 00:00:00,6503
2025-05-27 01:00:00,6517
2025-05-27 02:00:00,6515
2025-05-27 03:00:00,6531
2025-05-27 04:00:00,6468
2025-05-27 05:00:00,6456
2025-05-27 06:00:00,6481
2025-05-27 07:00:00,6511
2025-05-27 08:00:00,6689
2025-05-27 09:00:00,6753
2025-05-27 10:00:00,6811
2025-05-27 11:00:00,6702
2025-05-27 12:00:00,6565
2025-05-27 13:00:00,6589
2025-05-27 14:00:00,6521
2025-05-27 15:00:00,6496
2025-05-27 16:00:00,6722
2025-05-27 17:00:00,6471
2025-05-27 18:00:00,6516
2025-05-27 19:00:00,6441
2025-05-27 20:00:00,6354
2025-05-27 21:00:00,6479
2025-05-27 22:00:00,6503
2025-05-27 23:00:00,6099
2025-05-28 00:00:00,6059
2025-05-28 01:00:00,5884
2025-05-28 02:00:00,6220
2025-05-28 03:00:00,6232
2025-05-28 04:00:00,6240
2025-05-28 05:00:00,6231
2025-05-28 06:00:00,6259
2025-05-28 07:00:00,6234
2025-05-28 08:00:00,6290
2025-05-28 09:00:00,6321
2025-05-28 10:00:00,5985
2025-05-28 11:00:00,6115
2025-05-28 12:00:00,6102
2025-05-28 13:00:00,6020
2025-05-28 14:00:00,5775
2025-05-28 15:00:00,6115
2025-05-28 16:00:00,6123
2025-05-28 17:00:00,5979
2025-05-28 18:00:00,5639
2025-05-28 19:00:00,5701
2025-05-28 20:00:00,6046
2025-05-28 21:00:00,6463
2025-05-28 22:00:00,6587
2025-05-28 23:00:00,6156
2025-05-29 00:00:00,6258
2025-05-29 01:00:00,6279
2025-05-29 02:00:00,6287
2025-05-29 03:00:00,6269
2025-05-29 04:00:00,6257
2025-05-29 05:00:00,6199
2025-05-29 06:00:00,5890
2025-05-29 07:00:00,5979
2025-05-29 08:00:00,5751
2025-05-29 09:00:00,6813
2025-05-29 10:00:00,9145
2025-05-29 11:00:00,44641
2025-05-29 12:00:00,149185
2025-05-29 13:00:00,33641
2025-05-29 14:00:00,50782
2025-05-29 15:00:00,6227
2025-05-29 16:00:00,6109
2025-05-29 17:00:00,5934
2025-05-29 18:00:00,5721
2025-05-29 19:00:00,5746
2025-05-29 20:00:00,5490
2025-05-29 21:00:00,5544
2025-05-29 22:00:00,5717
2025-05-29 23:00:00,5710
2025-05-30 00:00:00,5611
2025-05-30 01:00:00,4972
2025-05-30 02:00:00,4983
2025-05-30 03:00:00,4990
2025-05-30 04:00:00,4826
2025-05-30 05:00:00,4713
2025-05-30 06:00:00,4760
2025-05-30 07:00:00,4712
2025-05-30 08:00:00,5076
2025-05-30 09:00:00,18834
2025-05-30 10:00:00,18915
2025-05-30 11:00:00,6181
2025-05-30 12:00:00,6221
2025-05-30 13:00:00,6508
2025-05-30 14:00:00,5696
2025-05-30 15:00:00,6503
2025-05-30 16:00:00,5612
2025-05-30 17:00:00,5497
2025-05-30 18:00:00,5351
2025-05-30 19:00:00,5190
2025-05-30 20:00:00,5171
2025-05-30 21:00:00,5230
2025-05-30 22:00:00,5170
2025-05-30 23:00:00,5177
2025-05-31 00:00:00,5164
2025-05-31 01:00:00,5211
2025-05-31 02:00:00,5173
2025-05-31 03:00:00,5203
2025-05-31 04:00:00,5165
2025-05-31 05:00:00,5197
2025-05-31 06:00:00,9220
2025-05-31 07:00:00,5172
2025-05-31 08:00:00,5453
2025-05-31 09:00:00,5611
2025-05-31 10:00:00,5720
2025-05-31 11:00:00,5717
2025-05-31 12:00:00,5748
2025-05-31 13:00:00,5717
2025-05-31 14:00:00,5733
2025-05-31 15:00:00,5749
2025-05-31 16:00:00,5719
2025-05-31 17:00:00,6001
2025-05-31 18:00:00,5986
2025-05-31 19:00:00,5989
2025-05-31 20:00:00,5988
2025-05-31 21:00:00,6012
2025-05-31 22:00:00,5994
2025-05-31 23:00:00,5980
2025-06-01 00:00:00,5973
2025-06-01 01:00:00,5977
2025-06-01 02:00:00,5998
2025-06-01 03:00:00,5983
2025-06-01 04:00:00,5984
2025-06-01 05:00:00,5980
2025-06-01 06:00:00,5991
2025-06-01 07:00:00,5972
2025-06-01 08:00:00,5969
2025-06-01 09:00:00,6159
2025-06-01 10:00:00,6318
2025-06-01 11:00:00,6113
2025-06-01 12:00:00,6032
2025-06-01 13:00:00,5725
2025-06-01 14:00:00,5634
2025-06-01 15:00:00,5715
2025-06-01 16:00:00,5548
2025-06-01 17:00:00,5547
2025-06-01 18:00:00,5624
2025-06-01 19:00:00,5600
2025-06-01 20:00:00,5557
2025-06-01 21:00:00,5693
2025-06-01 22:00:00,5526
2025-06-01 23:00:00,5537
2025-06-02 00:00:00,5544
2025-06-02 01:00:00,5516
2025-06-02 02:00:00,5529
2025-06-02 03:00:00,5655
2025-06-02 04:00:00,5539
2025-06-02 05:00:00,5534
2025-06-02 06:00:00,5563
2025-06-02 07:00:00,5553
2025-06-02 08:00:00,52280
2025-06-02 09:00:00,72090
2025-06-02 10:00:00,69233
2025-06-02 11:00:00,78158
2025-06-02 12:00:00,189159
2025-06-02 13:00:00,51868
2025-06-02 14:00:00,53338
2025-06-02 15:00:00,116054
2025-06-02 16:00:00,98153
2025-06-02 17:00:00,52542
2025-06-02 18:00:00,55053
2025-06-02 19:00:00,54952
2025-06-02 20:00:00,56694
2025-06-02 21:00:00,62045
2025-06-02 22:00:00,61390
2025-06-02 23:00:00,59300
2025-06-03 00:00:00,57714
2025-06-03 01:00:00,55982
2025-06-03 02:00:00,55226
2025-06-03 03:00:00,58503
2025-06-03 04:00:00,51713
2025-06-03 05:00:00,51429
2025-06-03 06:00:00,51050
2025-06-03 07:00:00,51597
2025-06-03 08:00:00,61523
2025-06-03 09:00:00,64942
2025-06-03 10:00:00,62257
2025-06-03 11:00:00,66892
2025-06-03 12:00:00,56423
2025-06-03 13:00:00,36017
2025-06-03 14:00:00,39058
2025-06-03 15:00:00,53896
2025-06-03 16:00:00,13373
2025-06-03 17:00:00,5670
2025-06-03 18:00:00,5510
2025-06-03 19:00:00,5245
2025-06-03 20:00:00,5259
2025-06-03 21:00:00,5268
2025-06-03 22:00:00,5284
2025-06-03 23:00:00,4997
2025-06-04 00:00:00,4989
2025-06-04 01:00:00,4979
2025-06-04 02:00:00,4975
2025-06-04 03:00:00,4991
2025-06-04 04:00:00,4997
2025-06-04 05:00:00,4989
2025-06-04 06:00:00,4989
2025-06-04 07:00:00,5002
2025-06-04 08:00:00,5420
2025-06-04 09:00:00,8834
2025-06-04 10:00:00,5282
2025-06-04 11:00:00,18901
2025-06-04 12:00:00,25758
2025-06-04 13:00:00,21665
2025-06-04 14:00:00,5248
2025-06-04 15:00:00,7308
2025-06-04 16:00:00,19437
2025-06-04 17:00:00,26552
2025-06-04 18:00:00,32782
2025-06-04 19:00:00,32784
2025-06-04 20:00:00,32778
2025-06-04 21:00:00,32890
2025-06-04 22:00:00,32988
2025-06-04 23:00:00,33068
2025-06-05 00:00:00,33064
2025-06-05 01:00:00,33136
2025-06-05 02:00:00,33068
2025-06-05 03:00:00,33024
2025-06-05 04:00:00,33044
2025-06-05 05:00:00,33064
2025-06-05 06:00:00,33062
2025-06-05 07:00:00,33004
2025-06-05 08:00:00,26878
2025-06-05 09:00:00,19682
2025-06-05 10:00:00,47016
2025-06-05 11:00:00,6010
2025-06-05 12:00:00,51914
2025-06-05 13:00:00,49075
2025-06-05 14:00:00,5912
2025-06-05 15:00:00,5891
2025-06-05 16:00:00,6054
2025-06-05 17:00:00,5467
2025-06-05 18:00:00,5633
2025-06-05 19:00:00,5810
2025-06-05 20:00:00,5746
2025-06-05 21:00:00,5679
2025-06-05 22:00:00,5467
2025-06-05 23:00:00,5483
2025-06-06 00:00:00,4853
2025-06-06 01:00:00,4761
2025-06-06 02:00:00,4772
2025-06-06 03:00:00,4784
2025-06-06 04:00:00,4785
2025-06-06 05:00:00,4766
2025-06-06 06:00:00,4811
2025-06-06 07:00:00,4756
2025-06-06 08:00:00,5090
2025-06-06 09:00:00,5977
2025-06-06 10:00:00,6194
2025-06-06 11:00:00,6263
2025-06-06 12:00:00,6093
2025-06-06 13:00:00,6083
2025-06-06 14:00:00,6102
2025-06-06 15:00:00,5859
2025-06-06 16:00:00,5945
2025-06-06 17:00:00,6001
2025-06-06 18:00:00,5984
2025-06-06 19:00:00,5989
2025-06-06 20:00:00,5991
2025-06-06 21:00:00,6241
2025-06-06 22:00:00,5998
2025-06-06 23:00:00,5976
2025-06-07 00:00:00,5627
2025-06-07 01:00:00,5251
2025-06-07 02:00:00,5238
2025-06-07 03:00:00,5258
2025-06-07 04:00:00,5251
2025-06-07 05:00:00,5248
2025-06-07 06:00:00,5241
2025-06-07 07:00:00,5243
2025-06-07 08:00:00,5241
2025-06-07 09:00:00,5854
2025-06-07 10:00:00,6150
2025-06-07 11:00:00,6006
2025-06-07 12:00:00,6018
2025-06-07 13:00:00,5999
2025-06-07 14:00:00,5983
2025-06-07 15:00:00,5998
2025-06-07 16:00:00,6014
2025-06-07 17:00:00,5986
2025-06-07 18:00:00,5993
2025-06-07 19:00:00,5995
2025-06-07 20:00:00,6011
2025-06-07 21:00:00,6067
2025-06-07 22:00:00,5977
2025-06-07 23:00:00,5976
2025-06-08 00:00:00,5980
2025-06-08 01:00:00,5974
2025-06-08 02:00:00,5984
2025-06-08 03:00:00,5976
2025-06-08 04:00:00,5989
2025-06-08 05:00:00,5976
2025-06-08 06:00:00,6235
2025-06-08 07:00:00,6265
2025-06-08 08:00:00,6245
2025-06-08 09:00:00,6258
2025-06-08 10:00:00,6252
2025-06-08 11:00:00,6258
2025-06-08 12:00:00,6303
2025-06-08 13:00:00,6309
2025-06-08 14:00:00,6302
2025-06-08 15:00:00,6291
2025-06-08 16:00:00,6266
2025-06-08 17:00:00,6290
2025-06-08 18:00:00,6268
2025-06-08 19:00:00,6315
2025-06-08 20:00:00,5995
2025-06-08 21:00:00,5898
2025-06-08 22:00:00,5669
2025-06-08 23:00:00,5667
2025-06-09 00:00:00,5701
2025-06-09 01:00:00,5712
2025-06-09 02:00:00,5701
2025-06-09 03:00:00,5701
2025-06-09 04:00:00,5708
2025-06-09 05:00:00,5714
2025-06-09 06:00:00,5715
2025-06-09 07:00:00,5754
2025-06-09 08:00:00,38530
2025-06-09 09:00:00,53563
2025-06-09 10:00:00,6049
2025-06-09 11:00:00,6231
2025-06-09 12:00:00,6527
2025-06-09 13:00:00,6530
2025-06-09 14:00:00,6541
2025-06-09 15:00:00,6526
2025-06-09 16:00:00,6510
2025-06-09 17:00:00,6531
2025-06-09 18:00:00,6491
2025-06-09 19:00:00,6258
2025-06-09 20:00:00,6211
2025-06-09 21:00:00,6202
2025-06-09 22:00:00,6229
2025-06-09 23:00:00,6206
2025-06-10 00:00:00,6194
2025-06-10 01:00:00,6210
2025-06-10 02:00:00,6294
2025-06-10 03:00:00,6218
2025-06-10 04:00:00,6205
2025-06-10 05:00:00,6192
2025-06-10 06:00:00,6051
2025-06-10 07:00:00,5947
2025-06-10 08:00:00,6232
2025-06-10 09:00:00,6023
2025-06-10 10:00:00,6132
2025-06-10 11:00:00,45758
2025-06-10 12:00:00,48005
2025-06-10 13:00:00,46282
2025-06-10 14:00:00,47303
2025-06-10 15:00:00,17335
2025-06-10 16:00:00,5670
2025-06-10 17:00:00,5342
2025-06-10 18:00:00,5403
2025-06-10 19:00:00,5386
2025-06-10 20:00:00,5395
2025-06-10 21:00:00,5392
2025-06-10 22:00:00,5382
2025-06-10 23:00:00,5401
2025-06-11 00:00:00,5082
2025-06-11 01:00:00,5188
2025-06-11 02:00:00,5347
2025-06-11 03:00:00,5423
2025-06-11 04:00:00,5431
2025-06-11 05:00:00,5429
2025-06-11 06:00:00,5429
2025-06-11 07:00:00,5444
2025-06-11 08:00:00,6213
2025-06-11 09:00:00,9685
2025-06-11 10:00:00,6425
2025-06-11 11:00:00,6226
2025-06-11 12:00:00,10097
2025-06-11 13:00:00,12824
2025-06-11 14:00:00,9226
2025-06-11 15:00:00,6834
2025-06-11 16:00:00,46556
2025-06-11 17:00:00,6555
2025-06-11 18:00:00,6523
2025-06-11 19:00:00,6598
2025-06-11 20:00:00,6553
2025-06-11 21:00:00,6543
2025-06-11 22:00:00,6508
2025-06-11 23:00:00,6495
2025-06-12 00:00:00,6647
2025-06-12 01:00:00,6702
2025-06-12 02:00:00,6532
2025-06-12 03:00:00,6494
2025-06-12 04:00:00,6504
2025-06-12 05:00:00,6502
2025-06-12 06:00:00,6492
2025-06-12 07:00:00,6650
2025-06-12 08:00:00,6769
2025-06-12 09:00:00,6765
2025-06-12 10:00:00,6756
2025-06-12 11:00:00,6762
2025-06-12 12:00:00,6774
2025-06-12 13:00:00,6536
2025-06-12 14:00:00,6423
2025-06-12 15:00:00,6501
2025-06-12 16:00:00,6511
2025-06-12 17:00:00,6609
2025-06-12 18:00:00,6371
2025-06-12 19:00:00,6279
2025-06-12 20:00:00,6294
2025-06-12 21:00:00,6502
2025-06-12 22:00:00,6693
2025-06-12 23:00:00,6715
2025-06-13 00:00:00,6635
2025-06-13 01:00:00,6622
2025-06-13 02:00:00,6570
2025-06-13 03:00:00,6544
2025-06-13 04:00:00,6321
2025-06-13 05:00:00,6303
2025-06-13 06:00:00,6276
2025-06-13 07:00:00,6264
2025-06-13 08:00:00,6297
2025-06-13 09:00:00,6278
2025-06-13 10:00:00,6293
2025-06-13 11:00:00,6291
2025-06-13 12:00:00,6286
2025-06-13 13:00:00,6298
2025-06-13 14:00:00,6264
2025-06-13 15:00:00,6460
2025-06-13 16:00:00,6562
2025-06-13 17:00:00,6585
2025-06-13 18:00:00,6422
2025-06-13 19:00:00,6562
2025-06-13 20:00:00,6576
2025-06-13 21:00:00,6560
2025-06-13 22:00:00,6564
2025-06-13 23:00:00,6569
2025-06-14 00:00:00,6558
2025-06-14 01:00:00,6548
2025-06-14 02:00:00,6565
2025-06-14 03:00:00,6460
2025-06-14 04:00:00,6299
2025-06-14 05:00:00,6306
2025-06-14 06:00:00,6465
2025-06-14 07:00:00,6741
2025-06-14 08:00:00,6817
2025-06-14 09:00:00,6845
2025-06-14 10:00:00,7034
2025-06-14 11:00:00,7086
2025-06-14 12:00:00,6989
2025-06-14 13:00:00,6879
2025-06-14 14:00:00,6907
2025-06-14 15:00:00,7111
2025-06-14 16:00:00,7106
2025-06-14 17:00:00,7095
2025-06-14 18:00:00,7038
2025-06-14 19:00:00,6849
2025-06-14 20:00:00,6843
2025-06-14 21:00:00,6505
2025-06-14 22:00:00,6561
2025-06-14 23:00:00,6545
2025-06-15 00:00:00,6554
2025-06-15 01:00:00,6580
2025-06-15 02:00:00,6554
2025-06-15 03:00:00,6533
2025-06-15 04:00:00,6531
2025-06-15 05:00:00,6504
2025-06-15 06:00:00,6503
2025-06-15 07:00:00,6501
2025-06-15 08:00:00,6614
2025-06-15 09:00:00,6596
2025-06-15 10:00:00,6546
2025-06-15 11:00:00,6549
2025-06-15 12:00:00,6541
2025-06-15 13:00:00,6542
2025-06-15 14:00:00,6553
2025-06-15 15:00:00,6562
2025-06-15 16:00:00,6597
2025-06-15 17:00:00,6546
2025-06-15 18:00:00,6538
2025-06-15 19:00:00,6532
2025-06-15 20:00:00,6547
2025-06-15 21:00:00,6551
2025-06-15 22:00:00,6958
2025-06-15 23:00:00,6898
2025-06-16 00:00:00,6722
2025-06-16 01:00:00,6551
2025-06-16 02:00:00,6551
2025-06-16 03:00:00,6552
2025-06-16 04:00:00,6560
2025-06-16 05:00:00,6533
2025-06-16 06:00:00,6551
2025-06-16 07:00:00,6176
2025-06-16 08:00:00,6373
2025-06-16 09:00:00,10611
2025-06-16 10:00:00,6486
2025-06-16 11:00:00,6365
2025-06-16 12:00:00,6106
2025-06-16 13:00:00,5952
2025-06-16 14:00:00,5912
2025-06-16 15:00:00,6203
2025-06-16 16:00:00,7137
2025-06-16 17:00:00,5925
2025-06-16 18:00:00,16891
2025-06-16 19:00:00,5795
2025-06-16 20:00:00,5809
2025-06-16 21:00:00,5797
2025-06-16 22:00:00,5855
2025-06-16 23:00:00,5595
2025-06-17 00:00:00,5582
2025-06-17 01:00:00,5090
2025-06-17 02:00:00,5336
2025-06-17 03:00:00,5326
2025-06-17 04:00:00,5266
2025-06-17 05:00:00,5061
2025-06-17 06:00:00,4940
2025-06-17 07:00:00,4827
2025-06-17 08:00:00,5361
2025-06-17 09:00:00,5936
2025-06-17 10:00:00,5947
2025-06-17 11:00:00,6032
2025-06-17 12:00:00,31596
2025-06-17 13:00:00,99307
2025-06-17 14:00:00,71989
2025-06-17 15:00:00,24854
2025-06-17 16:00:00,21840
2025-06-17 17:00:00,17853
2025-06-17 18:00:00,6043
2025-06-17 19:00:00,6086
2025-06-17 20:00:00,6153
2025-06-17 21:00:00,6038
2025-06-17 22:00:00,6018
2025-06-17 23:00:00,5998
2025-06-18 00:00:00,5330
2025-06-18 01:00:00,5293
2025-06-18 02:00:00,5262
2025-06-18 03:00:00,5281
2025-06-18 04:00:00,5265
2025-06-18 05:00:00,5271
2025-06-18 06:00:00,5287
2025-06-18 07:00:00,5281
2025-06-18 08:00:00,5747
2025-06-18 09:00:00,86074
2025-06-18 10:00:00,79531
2025-06-18 11:00:00,48487
2025-06-18 12:00:00,5803
2025-06-18 13:00:00,5885
2025-06-18 14:00:00,5980
2025-06-18 15:00:00,5749
2025-06-18 16:00:00,5676
2025-06-18 17:00:00,5991
2025-06-18 18:00:00,6117
2025-06-18 19:00:00,6115
2025-06-18 20:00:00,6039
2025-06-18 21:00:00,6014
2025-06-18 22:00:00,6059
2025-06-18 23:00:00,6173
2025-06-19 00:00:00,6152
2025-06-19 01:00:00,5858
2025-06-19 02:00:00,5759
2025-06-19 03:00:00,5727
2025-06-19 04:00:00,5728
2025-06-19 05:00:00,5716
2025-06-19 06:00:00,5714
2025-06-19 07:00:00,5751
2025-06-19 08:00:00,5879
2025-06-19 09:00:00,6053
2025-06-19 10:00:00,5861
2025-06-19 11:00:00,5848
2025-06-19 12:00:00,5834
2025-06-19 13:00:00,5883
2025-06-19 14:00:00,5784
2025-06-19 15:00:00,5725
2025-06-19 16:00:00,6018
2025-06-19 17:00:00,6125
2025-06-19 18:00:00,6215
2025-06-19 19:00:00,6209
2025-06-19 20:00:00,6082
2025-06-19 21:00:00,5994
2025-06-19 22:00:00,6011
2025-06-19 23:00:00,6070
2025-06-20 00:00:00,5985
2025-06-20 01:00:00,6025
2025-06-20 02:00:00,6041
2025-06-20 03:00:00,6026
2025-06-20 04:00:00,5994
2025-06-20 05:00:00,6005
2025-06-20 06:00:00,6002
2025-06-20 07:00:00,6005
2025-06-20 08:00:00,6585
2025-06-20 09:00:00,9156
2025-06-20 10:00:00,6441
2025-06-20 11:00:00,9653
2025-06-20 12:00:00,13740
2025-06-20 13:00:00,6679
2025-06-20 14:00:00,6334
2025-06-20 15:00:00,6338
2025-06-20 16:00:00,6042
2025-06-20 17:00:00,5770
2025-06-20 18:00:00,5766
2025-06-20 19:00:00,5787
2025-06-20 20:00:00,5781
2025-06-20 21:00:00,5776
2025-06-20 22:00:00,5791
2025-06-20 23:00:00,5794
2025-06-21 00:00:00,5775
2025-06-21 01:00:00,5792
2025-06-21 02:00:00,5796
2025-06-21 03:00:00,5813
2025-06-21 04:00:00,5775
2025-06-21 05:00:00,5825
2025-06-21 06:00:00,5768
2025-06-21 07:00:00,5776
2025-06-21 08:00:00,5482
2025-06-21 09:00:00,5510
2025-06-21 10:00:00,5495
2025-06-21 11:00:00,5428
2025-06-21 12:00:00,5139
2025-06-21 13:00:00,4937
2025-06-21 14:00:00,4930
2025-06-21 15:00:00,5161
2025-06-21 16:00:00,5215
2025-06-21 17:00:00,5149
2025-06-21 18:00:00,4949
2025-06-21 19:00:00,4941
2025-06-21 20:00:00,4940
2025-06-21 21:00:00,4966
2025-06-21 22:00:00,4944
2025-06-21 23:00:00,4943
2025-06-22 00:00:00,4952
2025-06-22 01:00:00,4960
2025-06-22 02:00:00,4980
2025-06-22 03:00:00,4918
2025-06-22 04:00:00,4911
2025-06-22 05:00:00,4990
2025-06-22 06:00:00,4950
2025-06-22 07:00:00,4993
2025-06-22 08:00:00,5250
2025-06-22 09:00:00,5233
2025-06-22 10:00:00,5265
2025-06-22 11:00:00,5344
2025-06-22 12:00:00,5258
2025-06-22 13:00:00,5233
2025-06-22 14:00:00,5224
2025-06-22 15:00:00,5228
2025-06-22 16:00:00,5228
2025-06-22 17:00:00,5227
2025-06-22 18:00:00,5233
2025-06-22 19:00:00,5651
2025-06-22 20:00:00,5239
2025-06-22 21:00:00,5263
2025-06-22 22:00:00,5249
2025-06-22 23:00:00,5229
2025-06-23 00:00:00,5207
2025-06-23 01:00:00,4957
2025-06-23 02:00:00,4705
2025-06-23 03:00:00,4722
2025-06-23 04:00:00,4714
2025-06-23 05:00:00,4714
2025-06-23 06:00:00,4734
2025-06-23 07:00:00,4733
2025-06-23 08:00:00,5022
2025-06-23 09:00:00,16109
2025-06-23 10:00:00,47364
2025-06-23 11:00:00,47470
2025-06-23 12:00:00,45854
2025-06-23 13:00:00,47818
2025-06-23 14:00:00,47631
2025-06-23 15:00:00,55441
2025-06-23 16:00:00,9594
2025-06-23 17:00:00,5089
2025-06-23 18:00:00,5252
2025-06-23 19:00:00,5257
2025-06-23 20:00:00,5223
2025-06-23 21:00:00,5218
2025-06-23 22:00:00,5249
2025-06-23 23:00:00,5215
2025-06-24 00:00:00,5046
2025-06-24 01:00:00,4717
2025-06-24 02:00:00,4772
2025-06-24 03:00:00,4729
2025-06-24 04:00:00,4751
2025-06-24 05:00:00,4723
2025-06-24 06:00:00,4715
2025-06-24 07:00:00,4758
2025-06-24 08:00:00,4950
2025-06-24 09:00:00,5647
2025-06-24 10:00:00,15155
2025-06-24 11:00:00,47797
2025-06-24 12:00:00,49121
2025-06-24 13:00:00,30455
2025-06-24 14:00:00,6162
2025-06-24 15:00:00,5988
2025-06-24 16:00:00,5681
2025-06-24 17:00:00,5618
2025-06-24 18:00:00,5546
2025-06-24 19:00:00,5521
2025-06-24 20:00:00,5624
2025-06-24 21:00:00,5781
2025-06-24 22:00:00,5597
2025-06-24 23:00:00,5820
2025-06-25 00:00:00,5869
2025-06-25 01:00:00,5784
2025-06-25 02:00:00,5781
2025-06-25 03:00:00,5774
2025-06-25 04:00:00,5786
2025-06-25 05:00:00,5779
2025-06-25 06:00:00,5762
2025-06-25 07:00:00,5799
2025-06-25 08:00:00,5987
2025-06-25 09:00:00,6049
2025-06-25 10:00:00,10024
2025-06-25 11:00:00,47829
2025-06-25 12:00:00,34554
2025-06-25 13:00:00,38105
2025-06-25 14:00:00,51261
2025-06-25 15:00:00,58199
2025-06-25 16:00:00,27077
2025-06-25 17:00:00,5588
2025-06-25 18:00:00,5505
2025-06-25 19:00:00,5532
2025-06-25 20:00:00,5504
2025-06-25 21:00:00,5494
2025-06-25 22:00:00,5488
2025-06-25 23:00:00,5609
2025-06-26 00:00:00,5501
2025-06-26 01:00:00,5506
2025-06-26 02:00:00,5488
2025-06-26 03:00:00,5479
2025-06-26 04:00:00,5480
2025-06-26 05:00:00,5484
2025-06-26 06:00:00,11892
2025-06-26 07:00:00,5512
2025-06-26 08:00:00,11090
2025-06-26 09:00:00,204042
2025-06-26 10:00:00,5893
2025-06-26 11:00:00,14848
2025-06-26 12:00:00,31313
2025-06-26 13:00:00,35122
2025-06-26 14:00:00,36626
2025-06-26 15:00:00,60156
2025-06-26 16:00:00,21605
2025-06-26 17:00:00,7580
2025-06-26 18:00:00,7061
2025-06-26 19:00:00,6767
2025-06-26 20:00:00,6318
2025-06-26 21:00:00,6330
2025-06-26 22:00:00,6325
2025-06-26 23:00:00,6164
2025-06-27 00:00:00,6102
2025-06-27 01:00:00,5726
2025-06-27 02:00:00,5322
2025-06-27 03:00:00,5318
2025-06-27 04:00:00,5410
2025-06-27 05:00:00,5602
2025-06-27 06:00:00,5613
2025-06-27 07:00:00,29401
2025-06-27 08:00:00,50473
2025-06-27 09:00:00,85303
2025-06-27 10:00:00,126194
2025-06-27 11:00:00,89355
2025-06-27 12:00:00,85585
2025-06-27 13:00:00,114533
2025-06-27 14:00:00,52050
2025-06-27 15:00:00,20865
2025-06-27 16:00:00,6726
2025-06-27 17:00:00,6760
2025-06-27 18:00:00,6861
2025-06-27 19:00:00,6750
2025-06-27 20:00:00,6647
2025-06-27 21:00:00,6701
2025-06-27 22:00:00,6625
2025-06-27 23:00:00,6646
2025-06-28 00:00:00,6626
2025-06-28 01:00:00,6652
2025-06-28 02:00:00,6914
2025-06-28 03:00:00,6901
2025-06-28 04:00:00,6924
2025-06-28 05:00:00,6782
2025-06-28 06:00:00,6646
2025-06-28 07:00:00,6731
2025-06-28 08:00:00,6814
2025-06-28 09:00:00,6711
2025-06-28 10:00:00,6618
2025-06-28 11:00:00,6640
2025-06-28 12:00:00,6636
2025-06-28 13:00:00,6639
2025-06-28 14:00:00,6668
2025-06-28 15:00:00,6729
2025-06-28 16:00:00,6905
2025-06-28 17:00:00,6727
2025-06-28 18:00:00,6671
2025-06-28 19:00:00,6678
2025-06-28 20:00:00,6664
2025-06-28 21:00:00,6782
2025-06-28 22:00:00,6912
2025-06-28 23:00:00,6908
2025-06-29 00:00:00,6911
2025-06-29 01:00:00,6918
2025-06-29 02:00:00,6908
2025-06-29 03:00:00,6930
2025-06-29 04:00:00,6895
2025-06-29 05:00:00,6902
2025-06-29 06:00:00,6864
2025-06-29 07:00:00,6891
2025-06-29 08:00:00,6896
2025-06-29 09:00:00,6885
2025-06-29 10:00:00,6903
2025-06-29 11:00:00,6918
2025-06-29 12:00:00,6912
2025-06-29 13:00:00,6898
2025-06-29 14:00:00,6978
2025-06-29 15:00:00,6670
2025-06-29 16:00:00,6357
2025-06-29 17:00:00,6358
2025-06-29 18:00:00,6372
2025-06-29 19:00:00,6359
2025-06-29 20:00:00,6404
2025-06-29 21:00:00,6292
2025-06-29 22:00:00,6250
2025-06-29 23:00:00,6141
2025-06-30 00:00:00,6129
2025-06-30 01:00:00,6359
2025-06-30 02:00:00,6350
2025-06-30 03:00:00,6384
2025-06-30 04:00:00,6383
2025-06-30 05:00:00,6378
2025-06-30 06:00:00,6368
2025-06-30 07:00:00,6375
2025-06-30 08:00:00,6317
2025-06-30 09:00:00,6102
2025-06-30 10:00:00,6116
2025-06-30 11:00:00,43470
2025-06-30 12:00:00,52721
2025-06-30 13:00:00,48553
2025-06-30 14:00:00,53490
2025-06-30 15:00:00,103544
2025-06-30 16:00:00,19221
2025-06-30 17:00:00,5795
2025-06-30 18:00:00,5794
2025-06-30 19:00:00,5807
2025-06-30 20:00:00,5801
2025-06-30 21:00:00,5781
2025-06-30 22:00:00,5888
2025-06-30 23:00:00,5780
2025-07-01 00:00:00,5808
2025-07-01 01:00:00,5774
2025-07-01 02:00:00,5800
2025-07-01 03:00:00,5762
2025-07-01 04:00:00,5759
2025-07-01 05:00:00,5613
2025-07-01 06:00:00,10067
2025-07-01 07:00:00,5770
2025-07-01 08:00:00,13505
2025-07-01 09:00:00,51127
2025-07-01 10:00:00,199064
2025-07-01 11:00:00,91158
2025-07-01 12:00:00,59638
2025-07-01 13:00:00,41448
2025-07-01 14:00:00,26724
2025-07-01 15:00:00,5947
2025-07-01 16:00:00,5715
2025-07-01 17:00:00,5765
2025-07-01 18:00:00,5759
2025-07-01 19:00:00,5608
2025-07-01 20:00:00,5498
2025-07-01 21:00:00,5512
2025-07-01 22:00:00,5543
2025-07-01 23:00:00,5490
2025-07-02 00:00:00,5505
2025-07-02 01:00:00,5500
2025-07-02 02:00:00,5500
2025-07-02 03:00:00,5495
2025-07-02 04:00:00,5484
2025-07-02 05:00:00,5509
2025-07-02 06:00:00,5542
2025-07-02 07:00:00,5512
2025-07-02 08:00:00,5888
2025-07-02 09:00:00,6068
2025-07-02 10:00:00,6602
2025-07-02 11:00:00,6598
2025-07-02 12:00:00,6577
2025-07-02 13:00:00,45437
2025-07-02 14:00:00,65118
2025-07-02 15:00:00,53615
2025-07-02 16:00:00,6558
2025-07-02 17:00:00,156279
2025-07-02 18:00:00,5982
2025-07-02 19:00:00,6027
2025-07-02 20:00:00,6007
2025-07-02 21:00:00,6157
2025-07-02 22:00:00,6304
2025-07-02 23:00:00,6292
2025-07-03 00:00:00,6345
2025-07-03 01:00:00,6294
2025-07-03 02:00:00,6465
2025-07-03 03:00:00,6576
2025-07-03 04:00:00,6580
2025-07-03 05:00:00,6553
2025-07-03 06:00:00,6576
2025-07-03 07:00:00,6588
2025-07-03 08:00:00,6339
2025-07-03 09:00:00,6526
2025-07-03 10:00:00,6535
2025-07-03 11:00:00,6726
2025-07-03 12:00:00,29866
2025-07-03 13:00:00,24929
2025-07-03 14:00:00,48859
2025-07-03 15:00:00,64797
2025-07-03 16:00:00,53551
2025-07-03 17:00:00,55976
2025-07-03 18:00:00,56414
2025-07-03 19:00:00,53584
2025-07-03 20:00:00,53987
2025-07-03 21:00:00,57415
2025-07-03 22:00:00,55701
2025-07-03 23:00:00,54672
2025-07-04 00:00:00,56204
2025-07-04 01:00:00,56615
2025-07-04 02:00:00,59684
2025-07-04 03:00:00,63532
2025-07-04 04:00:00,56344
2025-07-04 05:00:00,58521
2025-07-04 06:00:00,56500
2025-07-04 07:00:00,55257
2025-07-04 08:00:00,54334
2025-07-04 09:00:00,55339
2025-07-04 10:00:00,74243
2025-07-04 11:00:00,80502
2025-07-04 12:00:00,78676
2025-07-04 13:00:00,79649
2025-07-04 14:00:00,169412
2025-07-04 15:00:00,7670
2025-07-04 16:00:00,7358
2025-07-04 17:00:00,7340
2025-07-04 18:00:00,7598
2025-07-04 19:00:00,7630
2025-07-04 20:00:00,7623
2025-07-04 21:00:00,7632
2025-07-04 22:00:00,7615
2025-07-04 23:00:00,7621
2025-07-05 00:00:00,7626
2025-07-05 01:00:00,7631
2025-07-05 02:00:00,7643
2025-07-05 03:00:00,7650
2025-07-05 04:00:00,7681
2025-07-05 05:00:00,7626
2025-07-05 06:00:00,7693
2025-07-05 07:00:00,7638
2025-07-05 08:00:00,7487
2025-07-05 09:00:00,7409
2025-07-05 10:00:00,7360
2025-07-05 11:00:00,7375
2025-07-05 12:00:00,7344
2025-07-05 13:00:00,7361
2025-07-05 14:00:00,7354
2025-07-05 15:00:00,7369
2025-07-05 16:00:00,7343
2025-07-05 17:00:00,7311
2025-07-05 18:00:00,7080
2025-07-05 19:00:00,7061
2025-07-05 20:00:00,7066
2025-07-05 21:00:00,7092
2025-07-05 22:00:00,6994
2025-07-05 23:00:00,7074
2025-07-06 00:00:00,6932
2025-07-06 01:00:00,6801
2025-07-06 02:00:00,6803
2025-07-06 03:00:00,6814
2025-07-06 04:00:00,6828
2025-07-06 05:00:00,6808
2025-07-06 06:00:00,6830
2025-07-06 07:00:00,6818
2025-07-06 08:00:00,6547
2025-07-06 09:00:00,6548
2025-07-06 10:00:00,6550
2025-07-06 11:00:00,6532
2025-07-06 12:00:00,6531
2025-07-06 13:00:00,6549
2025-07-06 14:00:00,6568
2025-07-06 15:00:00,6570
2025-07-06 16:00:00,6577
2025-07-06 17:00:00,6530
2025-07-06 18:00:00,6538
2025-07-06 19:00:00,6543
2025-07-06 20:00:00,6546
2025-07-06 21:00:00,6540
2025-07-06 22:00:00,6591
2025-07-06 23:00:00,6550
2025-07-07 00:00:00,6552
2025-07-07 01:00:00,6538
2025-07-07 02:00:00,6545
2025-07-07 03:00:00,6543
2025-07-07 04:00:00,6531
2025-07-07 05:00:00,6554
2025-07-07 06:00:00,6526
2025-07-07 07:00:00,47328
2025-07-07 08:00:00,52301
2025-07-07 09:00:00,52223
2025-07-07 10:00:00,51946
2025-07-07 11:00:00,49274
2025-07-07 12:00:00,55024
2025-07-07 13:00:00,54419
2025-07-07 14:00:00,52446
2025-07-07 15:00:00,64096
2025-07-07 16:00:00,22474
2025-07-07 17:00:00,6872
2025-07-07 18:00:00,6803
2025-07-07 19:00:00,6837
2025-07-07 20:00:00,6806
2025-07-07 21:00:00,6734
2025-07-07 22:00:00,6496
2025-07-07 23:00:00,6485
2025-07-08 00:00:00,6495
2025-07-08 01:00:00,6513
2025-07-08 02:00:00,6496
2025-07-08 03:00:00,6484
2025-07-08 04:00:00,6495
2025-07-08 05:00:00,6490
2025-07-08 06:00:00,29800
2025-07-08 07:00:00,55710
2025-07-08 08:00:00,56180
2025-07-08 09:00:00,54940
2025-07-08 10:00:00,55167
2025-07-08 11:00:00,54331
2025-07-08 12:00:00,194975
2025-07-08 13:00:00,31939
2025-07-08 14:00:00,34629
2025-07-08 15:00:00,58871
2025-07-08 16:00:00,49977
2025-07-08 17:00:00,47264
2025-07-08 18:00:00,50125
2025-07-08 19:00:00,48998
2025-07-08 20:00:00,48564
2025-07-08 21:00:00,53606
2025-07-08 22:00:00,54368
2025-07-08 23:00:00,51123
2025-07-09 00:00:00,52991
2025-07-09 01:00:00,51359
2025-07-09 02:00:00,56855
2025-07-09 03:00:00,59520
2025-07-09 04:00:00,53107
2025-07-09 05:00:00,54840
2025-07-09 06:00:00,54486
2025-07-09 07:00:00,52156
2025-07-09 08:00:00,52757
2025-07-09 09:00:00,68763
2025-07-09 10:00:00,81259
2025-07-09 11:00:00,76292
2025-07-09 12:00:00,92894
2025-07-09 13:00:00,119873
2025-07-09 14:00:00,112584
2025-07-09 15:00:00,141018
2025-07-09 16:00:00,92627
2025-07-09 17:00:00,80065
2025-07-09 18:00:00,84338
2025-07-09 19:00:00,91873
2025-07-09 20:00:00,86432
2025-07-09 21:00:00,90715
2025-07-09 22:00:00,91812
2025-07-09 23:00:00,90650
2025-07-10 00:00:00,87032
2025-07-10 01:00:00,90723
2025-07-10 02:00:00,92525
2025-07-10 03:00:00,99502
2025-07-10 04:00:00,89543
2025-07-10 05:00:00,88612
2025-07-10 06:00:00,86310
2025-07-10 07:00:00,87416
2025-07-10 08:00:00,85294
2025-07-10 09:00:00,85419
2025-07-10 10:00:00,97279
2025-07-10 11:00:00,121410
2025-07-10 12:00:00,119701
2025-07-10 13:00:00,114978
2025-07-10 14:00:00,87130
2025-07-10 15:00:00,55327
2025-07-10 16:00:00,60493
2025-07-10 17:00:00,82758
2025-07-10 18:00:00,85356
2025-07-10 19:00:00,83500
2025-07-10 20:00:00,83526
2025-07-10 21:00:00,92532
2025-07-10 22:00:00,90469
2025-07-10 23:00:00,87153
2025-07-11 00:00:00,79121
2025-07-11 01:00:00,82170
2025-07-11 02:00:00,87823
2025-07-11 03:00:00,92453
2025-07-11 04:00:00,82404
2025-07-11 05:00:00,82442
2025-07-11 06:00:00,86475
2025-07-11 07:00:00,119053
2025-07-11 08:00:00,122231
2025-07-11 09:00:00,114643
2025-07-11 10:00:00,84327
2025-07-11 11:00:00,108566
2025-07-11 12:00:00,67660
2025-07-11 13:00:00,62878
2025-07-11 14:00:00,75752
2025-07-11 15:00:00,103187
2025-07-11 16:00:00,89590
2025-07-11 17:00:00,84964
2025-07-11 18:00:00,90359
2025-07-11 19:00:00,90776
2025-07-11 20:00:00,90214
2025-07-11 21:00:00,94466
2025-07-11 22:00:00,88411
2025-07-11 23:00:00,90182
2025-07-12 00:00:00,81793
2025-07-12 01:00:00,79810
2025-07-12 02:00:00,81925
2025-07-12 03:00:00,89502
2025-07-12 04:00:00,76853
2025-07-12 05:00:00,80392
2025-07-12 06:00:00,81479
2025-07-12 07:00:00,80207
2025-07-12 08:00:00,79372
2025-07-12 09:00:00,81818
2025-07-12 10:00:00,80530
2025-07-12 11:00:00,82495
2025-07-12 12:00:00,84436
2025-07-12 13:00:00,84754
2025-07-12 14:00:00,80700
2025-07-12 15:00:00,98170
2025-07-12 16:00:00,88294
2025-07-12 17:00:00,83280
2025-07-12 18:00:00,83397
2025-07-12 19:00:00,96096
2025-07-12 20:00:00,81219
2025-07-12 21:00:00,84533
2025-07-12 22:00:00,80831
2025-07-12 23:00:00,79795
2025-07-13 00:00:00,84011
2025-07-13 01:00:00,81601
2025-07-13 02:00:00,87538
2025-07-13 03:00:00,99255
2025-07-13 04:00:00,83852
2025-07-13 05:00:00,81265
2025-07-13 06:00:00,82208
2025-07-13 07:00:00,84294
2025-07-13 08:00:00,86795
2025-07-13 09:00:00,83478
2025-07-13 10:00:00,86781
2025-07-13 11:00:00,81226
2025-07-13 12:00:00,80493
2025-07-13 13:00:00,81217
2025-07-13 14:00:00,6815
2025-07-13 15:00:00,6614
2025-07-13 16:00:00,6620
2025-07-13 17:00:00,6622
2025-07-13 18:00:00,6650
2025-07-13 19:00:00,6605
2025-07-13 20:00:00,6614
2025-07-13 21:00:00,6611
2025-07-13 22:00:00,6630
2025-07-13 23:00:00,6596
2025-07-14 00:00:00,6643
2025-07-14 01:00:00,6587
2025-07-14 02:00:00,6334
2025-07-14 03:00:00,6339
2025-07-14 04:00:00,6333
2025-07-14 05:00:00,6394
2025-07-14 06:00:00,6449
2025-07-14 07:00:00,6426
2025-07-14 08:00:00,6535
2025-07-14 09:00:00,6572
2025-07-14 10:00:00,53007
2025-07-14 11:00:00,51232
2025-07-14 12:00:00,57063
2025-07-14 13:00:00,63142
2025-07-14 14:00:00,63168
2025-07-14 15:00:00,17807
2025-07-14 16:00:00,5826
2025-07-14 17:00:00,8720
2025-07-14 18:00:00,7956
2025-07-14 19:00:00,7493
2025-07-14 20:00:00,7286
2025-07-14 21:00:00,6969
2025-07-14 22:00:00,6483
2025-07-14 23:00:00,6368
2025-07-15 00:00:00,6273
2025-07-15 01:00:00,6350
2025-07-15 02:00:00,6376
2025-07-15 03:00:00,6351
2025-07-15 04:00:00,6324
2025-07-15 05:00:00,6265
2025-07-15 06:00:00,6326
2025-07-15 07:00:00,6454
2025-07-15 08:00:00,6830
2025-07-15 09:00:00,6664
2025-07-15 10:00:00,6291
2025-07-15 11:00:00,17278
2025-07-15 12:00:00,50104
2025-07-15 13:00:00,51189
2025-07-15 14:00:00,51877
2025-07-15 15:00:00,62566
2025-07-15 16:00:00,8083
2025-07-15 17:00:00,6542
2025-07-15 18:00:00,6534
2025-07-15 19:00:00,6586
2025-07-15 20:00:00,6572
2025-07-15 21:00:00,6616
2025-07-15 22:00:00,6568
2025-07-15 23:00:00,6045
2025-07-16 00:00:00,5922
2025-07-16 01:00:00,5982
2025-07-16 02:00:00,6204
2025-07-16 03:00:00,6211
2025-07-16 04:00:00,6224
2025-07-16 05:00:00,6245
2025-07-16 06:00:00,6211
2025-07-16 07:00:00,6167
2025-07-16 08:00:00,6605
2025-07-16 09:00:00,6350
2025-07-16 10:00:00,56906
2025-07-16 11:00:00,50965
2025-07-16 12:00:00,53786
2025-07-16 13:00:00,51651
2025-07-16 14:00:00,51076
2025-07-16 15:00:00,59525
2025-07-16 16:00:00,15336
2025-07-16 17:00:00,6331
2025-07-16 18:00:00,6433
2025-07-16 19:00:00,6417
2025-07-16 20:00:00,6274
2025-07-16 21:00:00,5991
2025-07-16 22:00:00,5952
2025-07-16 23:00:00,5890
2025-07-17 00:00:00,5117
2025-07-17 01:00:00,4882
2025-07-17 02:00:00,4907
2025-07-17 03:00:00,4956
2025-07-17 04:00:00,4958
2025-07-17 05:00:00,4899
2025-07-17 06:00:00,4851
2025-07-17 07:00:00,38018
2025-07-17 08:00:00,55679
2025-07-17 09:00:00,52394
2025-07-17 10:00:00,53509
2025-07-17 11:00:00,54647
2025-07-17 12:00:00,52768
2025-07-17 13:00:00,54870
2025-07-17 14:00:00,62224
2025-07-17 15:00:00,56186
2025-07-17 16:00:00,8243
2025-07-17 17:00:00,5612
2025-07-17 18:00:00,5209
2025-07-17 19:00:00,5202
2025-07-17 20:00:00,5166
2025-07-17 21:00:00,5132
2025-07-17 22:00:00,5285
2025-07-17 23:00:00,5296
2025-07-18 00:00:00,5700
2025-07-18 01:00:00,5280
2025-07-18 02:00:00,5031
2025-07-18 03:00:00,5054
2025-07-18 04:00:00,5048
2025-07-18 05:00:00,5165
2025-07-18 06:00:00,5200
2025-07-18 07:00:00,5172
2025-07-18 08:00:00,5612
2025-07-18 09:00:00,6124
2025-07-18 10:00:00,6157
2025-07-18 11:00:00,6198
2025-07-18 12:00:00,6508
2025-07-18 13:00:00,6519
2025-07-18 14:00:00,6455
2025-07-18 15:00:00,6381
2025-07-18 16:00:00,6197
2025-07-18 17:00:00,5956
2025-07-18 18:00:00,5831
2025-07-18 19:00:00,5790
2025-07-18 20:00:00,5805
2025-07-18 21:00:00,5804
2025-07-18 22:00:00,5809
2025-07-18 23:00:00,5816
2025-07-19 00:00:00,5786
2025-07-19 01:00:00,5611
2025-07-19 02:00:00,5561
2025-07-19 03:00:00,5544
2025-07-19 04:00:00,5550
2025-07-19 05:00:00,5563
2025-07-19 06:00:00,5594
2025-07-19 07:00:00,5600
2025-07-19 08:00:00,5840
2025-07-19 09:00:00,5705
2025-07-19 10:00:00,5571
2025-07-19 11:00:00,5581
2025-07-19 12:00:00,5622
2025-07-19 13:00:00,5618
2025-07-19 14:00:00,5989
2025-07-19 15:00:00,5627
2025-07-19 16:00:00,5623
2025-07-19 17:00:00,5667
2025-07-19 18:00:00,5633
2025-07-19 19:00:00,5604
2025-07-19 20:00:00,5629
2025-07-19 21:00:00,5612
2025-07-19 22:00:00,5636
2025-07-19 23:00:00,5457
2025-07-20 00:00:00,5327
2025-07-20 01:00:00,5282
2025-07-20 02:00:00,5299
2025-07-20 03:00:00,5284
2025-07-20 04:00:00,5279
2025-07-20 05:00:00,5306
2025-07-20 06:00:00,5340
2025-07-20 07:00:00,5309
2025-07-20 08:00:00,5564
2025-07-20 09:00:00,5642
2025-07-20 10:00:00,5594
2025-07-20 11:00:00,5617
2025-07-20 12:00:00,5602
2025-07-20 13:00:00,5695
2025-07-20 14:00:00,5874
2025-07-20 15:00:00,5905
2025-07-20 16:00:00,5900
2025-07-20 17:00:00,5931
2025-07-20 18:00:00,5952
2025-07-20 19:00:00,5888
2025-07-20 20:00:00,5851
2025-07-20 21:00:00,5854
2025-07-20 22:00:00,5835
2025-07-20 23:00:00,5963
2025-07-21 00:00:00,5849
2025-07-21 01:00:00,5847
2025-07-21 02:00:00,5849
2025-07-21 03:00:00,5869
2025-07-21 04:00:00,5836
2025-07-21 05:00:00,5858
2025-07-21 06:00:00,6168
2025-07-21 07:00:00,5834
2025-07-21 08:00:00,5866
2025-07-21 09:00:00,5569
2025-07-21 10:00:00,5590
2025-07-21 11:00:00,5621
2025-07-21 12:00:00,5424
2025-07-21 13:00:00,5414
2025-07-21 14:00:00,5573
2025-07-21 15:00:00,5384
2025-07-21 16:00:00,5390
2025-07-21 17:00:00,5336
2025-07-21 18:00:00,5366
2025-07-21 19:00:00,5289
2025-07-21 20:00:00,5424
2025-07-21 21:00:00,5356
2025-07-21 22:00:00,5670
2025-07-21 23:00:00,5843
2025-07-22 00:00:00,5767
2025-07-22 01:00:00,5563
2025-07-22 02:00:00,5589
2025-07-22 03:00:00,5600
2025-07-22 04:00:00,5622
2025-07-22 05:00:00,5615
2025-07-22 06:00:00,5628
2025-07-22 07:00:00,5661
2025-07-22 08:00:00,5847
2025-07-22 09:00:00,6171
2025-07-22 10:00:00,11796
2025-07-22 11:00:00,6124
2025-07-22 12:00:00,6092
2025-07-22 13:00:00,5846
2025-07-22 14:00:00,5830
2025-07-22 15:00:00,5821
2025-07-22 16:00:00,5833
2025-07-22 17:00:00,5764
2025-07-22 18:00:00,5539
2025-07-22 19:00:00,5535
2025-07-22 20:00:00,5481
2025-07-22 21:00:00,5431
2025-07-22 22:00:00,5307
2025-07-22 23:00:00,5320
2025-07-23 00:00:00,4817
2025-07-23 01:00:00,4622
2025-07-23 02:00:00,4613
2025-07-23 03:00:00,4618
2025-07-23 04:00:00,4618
2025-07-23 05:00:00,4559
2025-07-23 06:00:00,4562
2025-07-23 07:00:00,4621
2025-07-23 08:00:00,5321
2025-07-23 09:00:00,6041
2025-07-23 10:00:00,6163
2025-07-23 11:00:00,5933
2025-07-23 12:00:00,5872
2025-07-23 13:00:00,6131
2025-07-23 14:00:00,9449
2025-07-23 15:00:00,6475
2025-07-23 16:00:00,5913
2025-07-23 17:00:00,5360
2025-07-23 18:00:00,5125
2025-07-23 19:00:00,5128
2025-07-23 20:00:00,5093
2025-07-23 21:00:00,5085
2025-07-23 22:00:00,5082
2025-07-23 23:00:00,5077
2025-07-24 00:00:00,4444
2025-07-24 01:00:00,4248
2025-07-24 02:00:00,4280
2025-07-24 03:00:00,4284
2025-07-24 04:00:00,4294
2025-07-24 05:00:00,4291
2025-07-24 06:00:00,4298
2025-07-24 07:00:00,4286
2025-07-24 08:00:00,4875
2025-07-24 09:00:00,9145
2025-07-24 10:00:00,17531
2025-07-24 11:00:00,43487
2025-07-24 12:00:00,56583
2025-07-24 13:00:00,90922
2025-07-24 14:00:00,140511
2025-07-24 15:00:00,48039
2025-07-24 16:00:00,199755
2025-07-24 17:00:00,5821
2025-07-24 18:00:00,5846
2025-07-24 19:00:00,5980
2025-07-24 20:00:00,6425
2025-07-24 21:00:00,6521
2025-07-24 22:00:00,6030
2025-07-24 23:00:00,5987
2025-07-25 00:00:00,5955
2025-07-25 01:00:00,6064
2025-07-25 02:00:00,6025
2025-07-25 03:00:00,5782
2025-07-25 04:00:00,5796
2025-07-25 05:00:00,5801
2025-07-25 06:00:00,37866
2025-07-25 07:00:00,5773
2025-07-25 08:00:00,5813
2025-07-25 09:00:00,5816
2025-07-25 10:00:00,5886
2025-07-25 11:00:00,5852
2025-07-25 12:00:00,5852
2025-07-25 13:00:00,5850
2025-07-25 14:00:00,6061
2025-07-25 15:00:00,6042
2025-07-25 16:00:00,6145
2025-07-25 17:00:00,6301
2025-07-25 18:00:00,6340
2025-07-25 19:00:00,6319
2025-07-25 20:00:00,6101
2025-07-25 21:00:00,6078
2025-07-25 22:00:00,6081
2025-07-25 23:00:00,6288
2025-07-26 00:00:00,6290
2025-07-26 01:00:00,6288
2025-07-26 02:00:00,6313
2025-07-26 03:00:00,6172
2025-07-26 04:00:00,6034
2025-07-26 05:00:00,5965
2025-07-26 06:00:00,6008
2025-07-26 07:00:00,6082
2025-07-26 08:00:00,6079
2025-07-26 09:00:00,6091
2025-07-26 10:00:00,6154
2025-07-26 11:00:00,6324
2025-07-26 12:00:00,6317
2025-07-26 13:00:00,6368
2025-07-26 14:00:00,6324
2025-07-26 15:00:00,6316
2025-07-26 16:00:00,6351
2025-07-26 17:00:00,6315
2025-07-26 18:00:00,6307
2025-07-26 19:00:00,6344
2025-07-26 20:00:00,6313
2025-07-26 21:00:00,6222
2025-07-26 22:00:00,6042
2025-07-26 23:00:00,6041
2025-07-27 00:00:00,6054
2025-07-27 01:00:00,6101
2025-07-27 02:00:00,6077
2025-07-27 03:00:00,6091
2025-07-27 04:00:00,6086
2025-07-27 05:00:00,6028
2025-07-27 06:00:00,6030
2025-07-27 07:00:00,6013
2025-07-27 08:00:00,6037
2025-07-27 09:00:00,6021
2025-07-27 10:00:00,6018
2025-07-27 11:00:00,6072
2025-07-27 12:00:00,6346
2025-07-27 13:00:00,6310
2025-07-27 14:00:00,6301
2025-07-27 15:00:00,6300
2025-07-27 16:00:00,6337
2025-07-27 17:00:00,6264
2025-07-27 18:00:00,6234
2025-07-27 19:00:00,6332
2025-07-27 20:00:00,6637
2025-07-27 21:00:00,6648
2025-07-27 22:00:00,6638
2025-07-27 23:00:00,6636
2025-07-28 00:00:00,6651
2025-07-28 01:00:00,6581
2025-07-28 02:00:00,6578
2025-07-28 03:00:00,6584
2025-07-28 04:00:00,6593
2025-07-28 05:00:00,6593
2025-07-28 06:00:00,6586
2025-07-28 07:00:00,6570
2025-07-28 08:00:00,6881
2025-07-28 09:00:00,16386
2025-07-28 10:00:00,44707
2025-07-28 11:00:00,43881
2025-07-28 12:00:00,41509
2025-07-28 13:00:00,48256
2025-07-28 14:00:00,48132
2025-07-28 15:00:00,62188
2025-07-28 16:00:00,52952
2025-07-28 17:00:00,55239
2025-07-28 18:00:00,56457
2025-07-28 19:00:00,55931
2025-07-28 20:00:00,55875
2025-07-28 21:00:00,57097
2025-07-28 22:00:00,56629
2025-07-28 23:00:00,53288
2025-07-29 00:00:00,52398
2025-07-29 01:00:00,52982
2025-07-29 02:00:00,53914
2025-07-29 03:00:00,54285
2025-07-29 04:00:00,57585
2025-07-29 05:00:00,52462
2025-07-29 06:00:00,51880
2025-07-29 07:00:00,51590
2025-07-29 08:00:00,50327
2025-07-29 09:00:00,45769
2025-07-29 10:00:00,49495
2025-07-29 11:00:00,47212
2025-07-29 12:00:00,49869
2025-07-29 13:00:00,49637
2025-07-29 14:00:00,54321
2025-07-29 15:00:00,53943
2025-07-29 16:00:00,42463
2025-07-29 17:00:00,56699
2025-07-29 18:00:00,56190
2025-07-29 19:00:00,55760
2025-07-29 20:00:00,55960
2025-07-29 21:00:00,59583
2025-07-29 22:00:00,59333
2025-07-29 23:00:00,56099
2025-07-30 00:00:00,54599
2025-07-30 01:00:00,52482
2025-07-30 02:00:00,53630
2025-07-30 03:00:00,55599
2025-07-30 04:00:00,57347
2025-07-30 05:00:00,52485
2025-07-30 06:00:00,52928
2025-07-30 07:00:00,52836
2025-07-30 08:00:00,53552
2025-07-30 09:00:00,46102
2025-07-30 10:00:00,49037
2025-07-30 11:00:00,47729
2025-07-30 12:00:00,50091
2025-07-30 13:00:00,48092
2025-07-30 14:00:00,51273
2025-07-30 15:00:00,65249
2025-07-30 16:00:00,53749
2025-07-30 17:00:00,51899
2025-07-30 18:00:00,54606
2025-07-30 19:00:00,51719
2025-07-30 20:00:00,52615
2025-07-30 21:00:00,57743
2025-07-30 22:00:00,54231
2025-07-30 23:00:00,52136
2025-07-31 00:00:00,55458
2025-07-31 01:00:00,54433
2025-07-31 02:00:00,54183
2025-07-31 03:00:00,56529
2025-07-31 04:00:00,60242
2025-07-31 05:00:00,54464
2025-07-31 06:00:00,54498
2025-07-31 07:00:00,55324
2025-07-31 08:00:00,53678
2025-07-31 09:00:00,50481
2025-07-31 10:00:00,50617
2025-07-31 11:00:00,49512
2025-07-31 12:00:00,51019
2025-07-31 13:00:00,50316
2025-07-31 14:00:00,50260
2025-07-31 15:00:00,54965
2025-07-31 16:00:00,51127
2025-07-31 17:00:00,50460
2025-07-31 18:00:00,53579
2025-07-31 19:00:00,54612
2025-07-31 20:00:00,54793
2025-07-31 21:00:00,60392
2025-07-31 22:00:00,58233
2025-07-31 23:00:00,57315
2025-08-01 00:00:00,56413
2025-08-01 01:00:00,55516
2025-08-01 02:00:00,54307
2025-08-01 03:00:00,56399
2025-08-01 04:00:00,59862
2025-08-01 05:00:00,54836
2025-08-01 06:00:00,57486
2025-08-01 07:00:00,55608
2025-08-01 08:00:00,51796
2025-08-01 09:00:00,51559
2025-08-01 10:00:00,57543
2025-08-01 11:00:00,55277
2025-08-01 12:00:00,55885
2025-08-01 13:00:00,58376
2025-08-01 14:00:00,56004
2025-08-01 15:00:00,58997
2025-08-01 16:00:00,53273
2025-08-01 17:00:00,56044
2025-08-01 18:00:00,56290
2025-08-01 19:00:00,57472
2025-08-01 20:00:00,59335
2025-08-01 21:00:00,61658
2025-08-01 22:00:00,57995
2025-08-01 23:00:00,56445
2025-08-02 00:00:00,55972
2025-08-02 01:00:00,55306
2025-08-02 02:00:00,55993
2025-08-02 03:00:00,58983
2025-08-02 04:00:00,60353
2025-08-02 05:00:00,54387
2025-08-02 06:00:00,53705
2025-08-02 07:00:00,52988
2025-08-02 08:00:00,53563
2025-08-02 09:00:00,53976
2025-08-02 10:00:00,55363
2025-08-02 11:00:00,53786
2025-08-02 12:00:00,56196
2025-08-02 13:00:00,56220
2025-08-02 14:00:00,56523
2025-08-02 15:00:00,66331
2025-08-02 16:00:00,54118
2025-08-02 17:00:00,54650
2025-08-02 18:00:00,54984
2025-08-02 19:00:00,54269
2025-08-02 20:00:00,54771
2025-08-02 21:00:00,59851
2025-08-02 22:00:00,58485
2025-08-02 23:00:00,57206
2025-08-03 00:00:00,57690
2025-08-03 01:00:00,56418
2025-08-03 02:00:00,55787
2025-08-03 03:00:00,58038
2025-08-03 04:00:00,60700
2025-08-03 05:00:00,59914
2025-08-03 06:00:00,57641
2025-08-03 07:00:00,56955
2025-08-03 08:00:00,56395
2025-08-03 09:00:00,57565
2025-08-03 10:00:00,53427
2025-08-03 11:00:00,55404
2025-08-03 12:00:00,52245
2025-08-03 13:00:00,52853
2025-08-03 14:00:00,6573
2025-08-03 15:00:00,6719
2025-08-03 16:00:00,6596
2025-08-03 17:00:00,6427
2025-08-03 18:00:00,6420
2025-08-03 19:00:00,6435
2025-08-03 20:00:00,6432
2025-08-03 21:00:00,6429
2025-08-03 22:00:00,6508
2025-08-03 23:00:00,6518
2025-08-04 00:00:00,6487
2025-08-04 01:00:00,6496
2025-08-04 02:00:00,6524
2025-08-04 03:00:00,6500
2025-08-04 04:00:00,6555
2025-08-04 05:00:00,6434
2025-08-04 06:00:00,6452
2025-08-04 07:00:00,6507
2025-08-04 08:00:00,14159
2025-08-04 09:00:00,6621
2025-08-04 10:00:00,6673
2025-08-04 11:00:00,28904
2025-08-04 12:00:00,33685
2025-08-04 13:00:00,7192
2025-08-04 14:00:00,26843
2025-08-04 15:00:00,64692
2025-08-04 16:00:00,52241
2025-08-04 17:00:00,52088
2025-08-04 18:00:00,51827
2025-08-04 19:00:00,53911
2025-08-04 20:00:00,55994
2025-08-04 21:00:00,60024
2025-08-04 22:00:00,55370
2025-08-04 23:00:00,54836
2025-08-05 00:00:00,54876
2025-08-05 01:00:00,55224
2025-08-05 02:00:00,56123
2025-08-05 03:00:00,58892
2025-08-05 04:00:00,61691
2025-08-05 05:00:00,56109
2025-08-05 06:00:00,55566
2025-08-05 07:00:00,55360
2025-08-05 08:00:00,54094
2025-08-05 09:00:00,76275
2025-08-05 10:00:00,62303
2025-08-05 11:00:00,57245
2025-08-05 12:00:00,51634
2025-08-05 13:00:00,54975
2025-08-05 14:00:00,51418
2025-08-05 15:00:00,56579
2025-08-05 16:00:00,51079
2025-08-05 17:00:00,51227
2025-08-05 18:00:00,54037
2025-08-05 19:00:00,53746
2025-08-05 20:00:00,52583
2025-08-05 21:00:00,58436
2025-08-05 22:00:00,56256
2025-08-05 23:00:00,54090
2025-08-06 00:00:00,55092
2025-08-06 01:00:00,56399
2025-08-06 02:00:00,56137
2025-08-06 03:00:00,59001
2025-08-06 04:00:00,60146
2025-08-06 05:00:00,55092
2025-08-06 06:00:00,54023
2025-08-06 07:00:00,53910
2025-08-06 08:00:00,53674
2025-08-06 09:00:00,53281
2025-08-06 10:00:00,55477
2025-08-06 11:00:00,51670
2025-08-06 12:00:00,56832
2025-08-06 13:00:00,63311
2025-08-06 14:00:00,53386
2025-08-06 15:00:00,54529
2025-08-06 16:00:00,48941
2025-08-06 17:00:00,54561
2025-08-06 18:00:00,55806
2025-08-06 19:00:00,55208
2025-08-06 20:00:00,54883
2025-08-06 21:00:00,61581
2025-08-06 22:00:00,57947
2025-08-06 23:00:00,57795
2025-08-07 00:00:00,57324
2025-08-07 01:00:00,57576
2025-08-07 02:00:00,58871
2025-08-07 03:00:00,59919
2025-08-07 04:00:00,63396
2025-08-07 05:00:00,54926
2025-08-07 06:00:00,54105
2025-08-07 07:00:00,53795
2025-08-07 08:00:00,53188
2025-08-07 09:00:00,48963
2025-08-07 10:00:00,48468
2025-08-07 11:00:00,50348
2025-08-07 12:00:00,51680
2025-08-07 13:00:00,49808
2025-08-07 14:00:00,50052
2025-08-07 15:00:00,55477
2025-08-07 16:00:00,53878
2025-08-07 17:00:00,51797
2025-08-07 18:00:00,51978
2025-08-07 19:00:00,52495
2025-08-07 20:00:00,52589
2025-08-07 21:00:00,56632
2025-08-07 22:00:00,58078
2025-08-07 23:00:00,56522
2025-08-08 00:00:00,56938
2025-08-08 01:00:00,55321
2025-08-08 02:00:00,56293
2025-08-08 03:00:00,57650
2025-08-08 04:00:00,62324
2025-08-08 05:00:00,55614
2025-08-08 06:00:00,54944
2025-08-08 07:00:00,54664
2025-08-08 08:00:00,53720
2025-08-08 09:00:00,51265
2025-08-08 10:00:00,51680
2025-08-08 11:00:00,49509
2025-08-08 12:00:00,40712
2025-08-08 13:00:00,51119
2025-08-08 14:00:00,50537
2025-08-08 15:00:00,57333
2025-08-08 16:00:00,53138
2025-08-08 17:00:00,55069
2025-08-08 18:00:00,55192
2025-08-08 19:00:00,56731
2025-08-08 20:00:00,58182
2025-08-08 21:00:00,58370
2025-08-08 22:00:00,57866
2025-08-08 23:00:00,56979
2025-08-09 00:00:00,55836
2025-08-09 01:00:00,56001
2025-08-09 02:00:00,55443
2025-08-09 03:00:00,57762
2025-08-09 04:00:00,61741
2025-08-09 05:00:00,54811
2025-08-09 06:00:00,53362
2025-08-09 07:00:00,53891
2025-08-09 08:00:00,55146
2025-08-09 09:00:00,55157
2025-08-09 10:00:00,56433
2025-08-09 11:00:00,54427
2025-08-09 12:00:00,52142
2025-08-09 13:00:00,53821
2025-08-09 14:00:00,54684
2025-08-09 15:00:00,66206
2025-08-09 16:00:00,56184
2025-08-09 17:00:00,54752
2025-08-09 18:00:00,53476
2025-08-09 19:00:00,52943
2025-08-09 20:00:00,57376
2025-08-09 21:00:00,58703
2025-08-09 22:00:00,54290
2025-08-09 23:00:00,54658
2025-08-10 00:00:00,54923
2025-08-10 01:00:00,55233
2025-08-10 02:00:00,55459
2025-08-10 03:00:00,58420
2025-08-10 04:00:00,61749
2025-08-10 05:00:00,54948
2025-08-10 06:00:00,53842
2025-08-10 07:00:00,53863
2025-08-10 08:00:00,53401
2025-08-10 09:00:00,53569
2025-08-10 10:00:00,53970
2025-08-10 11:00:00,52305
2025-08-10 12:00:00,53807
2025-08-10 13:00:00,54181
2025-08-10 14:00:00,6922
2025-08-10 15:00:00,6727
2025-08-10 16:00:00,6757
2025-08-10 17:00:00,6787
2025-08-10 18:00:00,6789
2025-08-10 19:00:00,6814
2025-08-10 20:00:00,6806
2025-08-10 21:00:00,6801
2025-08-10 22:00:00,6626
2025-08-10 23:00:00,6479
2025-08-11 00:00:00,6475
2025-08-11 01:00:00,6483
2025-08-11 02:00:00,6661
2025-08-11 03:00:00,6635
2025-08-11 04:00:00,6743
2025-08-11 05:00:00,6835
2025-08-11 06:00:00,6818
2025-08-11 07:00:00,6846
2025-08-11 08:00:00,7136
2025-08-11 09:00:00,24029
2025-08-11 10:00:00,74276
2025-08-11 11:00:00,96899
2025-08-11 12:00:00,32205
2025-08-11 13:00:00,8139
2025-08-11 14:00:00,6712
2025-08-11 15:00:00,6619
2025-08-11 16:00:00,6734
2025-08-11 17:00:00,6358
2025-08-11 18:00:00,6310
2025-08-11 19:00:00,6294
2025-08-11 20:00:00,6176
2025-08-11 21:00:00,6508
2025-08-11 22:00:00,6600
2025-08-11 23:00:00,6479
2025-08-12 00:00:00,6498
2025-08-12 01:00:00,6529
2025-08-12 02:00:00,6547
2025-08-12 03:00:00,6536
2025-08-12 04:00:00,6535
2025-08-12 05:00:00,6488
2025-08-12 06:00:00,6453
2025-08-12 07:00:00,6136
2025-08-12 08:00:00,6293
2025-08-12 09:00:00,12702
2025-08-12 10:00:00,22670
2025-08-12 11:00:00,23632
2025-08-12 12:00:00,19011
2025-08-12 13:00:00,11618
2025-08-12 14:00:00,6456
2025-08-12 15:00:00,6707
2025-08-12 16:00:00,6392
2025-08-12 17:00:00,6076
2025-08-12 18:00:00,6260
2025-08-12 19:00:00,6536
2025-08-12 20:00:00,6562
2025-08-12 21:00:00,6875
2025-08-12 22:00:00,6825
2025-08-12 23:00:00,6857
2025-08-13 00:00:00,6530
2025-08-13 01:00:00,5956
2025-08-13 02:00:00,5936
2025-08-13 03:00:00,6190
2025-08-13 04:00:00,6261
2025-08-13 05:00:00,6200
2025-08-13 06:00:00,6208
2025-08-13 07:00:00,6213
2025-08-13 08:00:00,6544
2025-08-13 09:00:00,11169
2025-08-13 10:00:00,7748
2025-08-13 11:00:00,7647
2025-08-13 12:00:00,7882
2025-08-13 13:00:00,7623
2025-08-13 14:00:00,7080
2025-08-13 15:00:00,7222
2025-08-13 16:00:00,6970
2025-08-13 17:00:00,6825
2025-08-13 18:00:00,6948
2025-08-13 19:00:00,7543
2025-08-13 20:00:00,7555
2025-08-13 21:00:00,6957
2025-08-13 22:00:00,7009
2025-08-13 23:00:00,7086
2025-08-14 00:00:00,6903
2025-08-14 01:00:00,6346
2025-08-14 02:00:00,6088
2025-08-14 03:00:00,6084
2025-08-14 04:00:00,6078
2025-08-14 05:00:00,6116
2025-08-14 06:00:00,6092
2025-08-14 07:00:00,6310
2025-08-14 08:00:00,6501
2025-08-14 09:00:00,21164
2025-08-14 10:00:00,51175
2025-08-14 11:00:00,51037
2025-08-14 12:00:00,49705
2025-08-14 13:00:00,51684
2025-08-14 14:00:00,56113
2025-08-14 15:00:00,85043
2025-08-14 16:00:00,69575
2025-08-14 17:00:00,56239
2025-08-14 18:00:00,57798
2025-08-14 19:00:00,55835
2025-08-14 20:00:00,59822
2025-08-14 21:00:00,57799
2025-08-14 22:00:00,58692
2025-08-14 23:00:00,59286
2025-08-15 00:00:00,58836
2025-08-15 01:00:00,60575
2025-08-15 02:00:00,59295
2025-08-15 03:00:00,59338
2025-08-15 04:00:00,62853
2025-08-15 05:00:00,55287
2025-08-15 06:00:00,56877
2025-08-15 07:00:00,57313
2025-08-15 08:00:00,56073
2025-08-15 09:00:00,51645
2025-08-15 10:00:00,52518
2025-08-15 11:00:00,52867
2025-08-15 12:00:00,51861
2025-08-15 13:00:00,50834
2025-08-15 14:00:00,53646
2025-08-15 15:00:00,61853
2025-08-15 16:00:00,56351
2025-08-15 17:00:00,53120
2025-08-15 18:00:00,54441
2025-08-15 19:00:00,54299
2025-08-15 20:00:00,57433
2025-08-15 21:00:00,59750
2025-08-15 22:00:00,50261
2025-08-15 23:00:00,55458
2025-08-16 00:00:00,57423
2025-08-16 01:00:00,57494
2025-08-16 02:00:00,59157
2025-08-16 03:00:00,57933
2025-08-16 04:00:00,61067
2025-08-16 05:00:00,54471
2025-08-16 06:00:00,55104
2025-08-16 07:00:00,55331
2025-08-16 08:00:00,56024
2025-08-16 09:00:00,67517
2025-08-16 10:00:00,55474
2025-08-16 11:00:00,56200
2025-08-16 12:00:00,55431
2025-08-16 13:00:00,55339
2025-08-16 14:00:00,58505
2025-08-16 15:00:00,63442
2025-08-16 16:00:00,54738
2025-08-16 17:00:00,59899
2025-08-16 18:00:00,55957
2025-08-16 19:00:00,64085
2025-08-16 20:00:00,69081
2025-08-16 21:00:00,61001
2025-08-16 22:00:00,65455
2025-08-16 23:00:00,62173
2025-08-17 00:00:00,54623
2025-08-17 01:00:00,54850
2025-08-17 02:00:00,55857
2025-08-17 03:00:00,55378
2025-08-17 04:00:00,65682
2025-08-17 05:00:00,59599
2025-08-17 06:00:00,58795
2025-08-17 07:00:00,55735
2025-08-17 08:00:00,65116
2025-08-17 09:00:00,55584
2025-08-17 10:00:00,55970
2025-08-17 11:00:00,59767
2025-08-17 12:00:00,56337
2025-08-17 13:00:00,53692
2025-08-17 14:00:00,6728
2025-08-17 15:00:00,6564
2025-08-17 16:00:00,6582
2025-08-17 17:00:00,6591
2025-08-17 18:00:00,6589
2025-08-17 19:00:00,6563
2025-08-17 20:00:00,6593
2025-08-17 21:00:00,6737
2025-08-17 22:00:00,6772
2025-08-17 23:00:00,6754
2025-08-18 00:00:00,6767
2025-08-18 01:00:00,6732
2025-08-18 02:00:00,6745
2025-08-18 03:00:00,6758
2025-08-18 04:00:00,6779
2025-08-18 05:00:00,6806
2025-08-18 06:00:00,6778
2025-08-18 07:00:00,6863
2025-08-18 08:00:00,7141
2025-08-18 09:00:00,7055
2025-08-18 10:00:00,7142
2025-08-18 11:00:00,6861
2025-08-18 12:00:00,21245
2025-08-18 13:00:00,6797
2025-08-18 14:00:00,6855
2025-08-18 15:00:00,13583
2025-08-18 16:00:00,22199
2025-08-18 17:00:00,6243
2025-08-18 18:00:00,6266
2025-08-18 19:00:00,6228
2025-08-18 20:00:00,6289
2025-08-18 21:00:00,6238
2025-08-18 22:00:00,6222
2025-08-18 23:00:00,6214
2025-08-19 00:00:00,5972
2025-08-19 01:00:00,5736
2025-08-19 02:00:00,5746
2025-08-19 03:00:00,5788
2025-08-19 04:00:00,5945
2025-08-19 05:00:00,6082
2025-08-19 06:00:00,5943
2025-08-19 07:00:00,5821
2025-08-19 08:00:00,6672
2025-08-19 09:00:00,31791
2025-08-19 10:00:00,51833
2025-08-19 11:00:00,49728
2025-08-19 12:00:00,42191
2025-08-19 13:00:00,7618
2025-08-19 14:00:00,7392
2025-08-19 15:00:00,7605
2025-08-19 16:00:00,7684
2025-08-19 17:00:00,7873
2025-08-19 18:00:00,7533
2025-08-19 19:00:00,7378
2025-08-19 20:00:00,7359
2025-08-19 21:00:00,7433
2025-08-19 22:00:00,7168
2025-08-19 23:00:00,7111
2025-08-20 00:00:00,6632
2025-08-20 01:00:00,6438
2025-08-20 02:00:00,6374
2025-08-20 03:00:00,6392
2025-08-20 04:00:00,6388
2025-08-20 05:00:00,6358
2025-08-20 06:00:00,6337
2025-08-20 07:00:00,6435
2025-08-20 08:00:00,6747
2025-08-20 09:00:00,56387
2025-08-20 10:00:00,53565
2025-08-20 11:00:00,60907
2025-08-20 12:00:00,57641
2025-08-20 13:00:00,51938
2025-08-20 14:00:00,47353
2025-08-20 15:00:00,7071
2025-08-20 16:00:00,6811
2025-08-20 17:00:00,6382
2025-08-20 18:00:00,6399
2025-08-20 19:00:00,6341
2025-08-20 20:00:00,6414
2025-08-20 21:00:00,6400
2025-08-20 22:00:00,6418
2025-08-20 23:00:00,6470
2025-08-21 00:00:00,6618
2025-08-21 01:00:00,6596
2025-08-21 02:00:00,6689
2025-08-21 03:00:00,6868
2025-08-21 04:00:00,6854
2025-08-21 05:00:00,6861
2025-08-21 06:00:00,6777
2025-08-21 07:00:00,6634
2025-08-21 08:00:00,7198
2025-08-21 09:00:00,18640
2025-08-21 10:00:00,51378
2025-08-21 11:00:00,56458
2025-08-21 12:00:00,53480
2025-08-21 13:00:00,54058
2025-08-21 14:00:00,49030
2025-08-21 15:00:00,57313
2025-08-21 16:00:00,21647
2025-08-21 17:00:00,7295
2025-08-21 18:00:00,7257
2025-08-21 19:00:00,7122
2025-08-21 20:00:00,7059
2025-08-21 21:00:00,7161
2025-08-21 22:00:00,7159
2025-08-21 23:00:00,7149
2025-08-22 00:00:00,7169
2025-08-22 01:00:00,7162
2025-08-22 02:00:00,7181
2025-08-22 03:00:00,6966
2025-08-22 04:00:00,6883
2025-08-22 05:00:00,6891
2025-08-22 06:00:00,21852
2025-08-22 07:00:00,51164
2025-08-22 08:00:00,51432
2025-08-22 09:00:00,47455
2025-08-22 10:00:00,48282
2025-08-22 11:00:00,48097
2025-08-22 12:00:00,52874
2025-08-22 13:00:00,52916
2025-08-22 14:00:00,117967
2025-08-22 15:00:00,56426
2025-08-22 16:00:00,6550
2025-08-22 17:00:00,6585
2025-08-22 18:00:00,6645
2025-08-22 19:00:00,6594
2025-08-22 20:00:00,6592
2025-08-22 21:00:00,6571
2025-08-22 22:00:00,6550
2025-08-22 23:00:00,6580
2025-08-23 00:00:00,6561
2025-08-23 01:00:00,6565
2025-08-23 02:00:00,6544
2025-08-23 03:00:00,6573
2025-08-23 04:00:00,6612
2025-08-23 05:00:00,6641
2025-08-23 06:00:00,6585
2025-08-23 07:00:00,6422
2025-08-23 08:00:00,6652
2025-08-23 09:00:00,6674
2025-08-23 10:00:00,6602
2025-08-23 11:00:00,6604
2025-08-23 12:00:00,6632
2025-08-23 13:00:00,6605
2025-08-23 14:00:00,6617
2025-08-23 15:00:00,6621
2025-08-23 16:00:00,6615
2025-08-23 17:00:00,6628
2025-08-23 18:00:00,6633
2025-08-23 19:00:00,6636
2025-08-23 20:00:00,6625
2025-08-23 21:00:00,6612
2025-08-23 22:00:00,6626
2025-08-23 23:00:00,6630
2025-08-24 00:00:00,6206
2025-08-24 01:00:00,5934
2025-08-24 02:00:00,5950
2025-08-24 03:00:00,5983
2025-08-24 04:00:00,5922
2025-08-24 05:00:00,5890
2025-08-24 06:00:00,5899
2025-08-24 07:00:00,5879
2025-08-24 08:00:00,5923
2025-08-24 09:00:00,5878
2025-08-24 10:00:00,5648
2025-08-24 11:00:00,6330
2025-08-24 12:00:00,6376
2025-08-24 13:00:00,6334
2025-08-24 14:00:00,6376
2025-08-24 15:00:00,6340
2025-08-24 16:00:00,6196
2025-08-24 17:00:00,6035
2025-08-24 18:00:00,6105
2025-08-24 19:00:00,6077
2025-08-24 20:00:00,6156
2025-08-24 21:00:00,6151
2025-08-24 22:00:00,6239
2025-08-24 23:00:00,6129
2025-08-25 00:00:00,5659
2025-08-25 01:00:00,5681
2025-08-25 02:00:00,5868
2025-08-25 03:00:00,5873
2025-08-25 04:00:00,5798
2025-08-25 05:00:00,5738
2025-08-25 06:00:00,5881
2025-08-25 07:00:00,5955
2025-08-25 08:00:00,6764
2025-08-25 09:00:00,7450
2025-08-25 10:00:00,7440
2025-08-25 11:00:00,7397
2025-08-25 12:00:00,7451
2025-08-25 13:00:00,272309
2025-08-25 14:00:00,25356
2025-08-25 15:00:00,7459
2025-08-25 16:00:00,7398
2025-08-25 17:00:00,7386
2025-08-25 18:00:00,7755
2025-08-25 19:00:00,7843
2025-08-25 20:00:00,7739
2025-08-25 21:00:00,7658
2025-08-25 22:00:00,7667
2025-08-25 23:00:00,7598
2025-08-26 00:00:00,7407
2025-08-26 01:00:00,7425
2025-08-26 02:00:00,7396
2025-08-26 03:00:00,7405
2025-08-26 04:00:00,7400
2025-08-26 05:00:00,7413
2025-08-26 06:00:00,7401
2025-08-26 07:00:00,7402
2025-08-26 08:00:00,7507
2025-08-26 09:00:00,7861
2025-08-26 10:00:00,7915
2025-08-26 11:00:00,7711
2025-08-26 12:00:00,46225
2025-08-26 13:00:00,49486
2025-08-26 14:00:00,61105
2025-08-26 15:00:00,98282
2025-08-26 16:00:00,21278
2025-08-26 17:00:00,7160
2025-08-26 18:00:00,7115
2025-08-26 19:00:00,7079
2025-08-26 20:00:00,7157
2025-08-26 21:00:00,7090
2025-08-26 22:00:00,7197
2025-08-26 23:00:00,7232
2025-08-27 00:00:00,7360
2025-08-27 01:00:00,7396
2025-08-27 02:00:00,7497
2025-08-27 03:00:00,7437
2025-08-27 04:00:00,7393
2025-08-27 05:00:00,7361
2025-08-27 06:00:00,39725
2025-08-27 07:00:00,53382
2025-08-27 08:00:00,53159
2025-08-27 09:00:00,70611
2025-08-27 10:00:00,108524
2025-08-27 11:00:00,99970
2025-08-27 12:00:00,99957
2025-08-27 13:00:00,70211
2025-08-27 14:00:00,71362
2025-08-27 15:00:00,86251
2025-08-27 16:00:00,60712
2025-08-27 17:00:00,52130
2025-08-27 18:00:00,54232
2025-08-27 19:00:00,54731
2025-08-27 20:00:00,58355
2025-08-27 21:00:00,55926
2025-08-27 22:00:00,53487
2025-08-27 23:00:00,52677
2025-08-28 00:00:00,55471
2025-08-28 01:00:00,52961
2025-08-28 02:00:00,53231
2025-08-28 03:00:00,52891
2025-08-28 04:00:00,54792
2025-08-28 05:00:00,57608
2025-08-28 06:00:00,50956
2025-08-28 07:00:00,51844
2025-08-28 08:00:00,18819
2025-08-28 09:00:00,6494
2025-08-28 10:00:00,101382
2025-08-28 11:00:00,47914
2025-08-28 12:00:00,47482
2025-08-28 13:00:00,48691
2025-08-28 14:00:00,39723
2025-08-28 15:00:00,6210
2025-08-28 16:00:00,6116
2025-08-28 17:00:00,6270
2025-08-28 18:00:00,6301
2025-08-28 19:00:00,6109
2025-08-28 20:00:00,6134
2025-08-28 21:00:00,6370
2025-08-28 22:00:00,6337
2025-08-28 23:00:00,6292
2025-08-29 00:00:00,5561
2025-08-29 01:00:00,5281
2025-08-29 02:00:00,5302
2025-08-29 03:00:00,5333
2025-08-29 04:00:00,5296
2025-08-29 05:00:00,5265
2025-08-29 06:00:00,5153
2025-08-29 07:00:00,5352
2025-08-29 08:00:00,5867
2025-08-29 09:00:00,6535
2025-08-29 10:00:00,6735
2025-08-29 11:00:00,6788
2025-08-29 12:00:00,6680
2025-08-29 13:00:00,10566
2025-08-29 14:00:00,6430
2025-08-29 15:00:00,6299
2025-08-29 16:00:00,5882
2025-08-29 17:00:00,5857
2025-08-29 18:00:00,5893
2025-08-29 19:00:00,5872
2025-08-29 20:00:00,5911
2025-08-29 21:00:00,5528
2025-08-29 22:00:00,5622
2025-08-29 23:00:00,5623
2025-08-30 00:00:00,5595
2025-08-30 01:00:00,5613
2025-08-30 02:00:00,5633
2025-08-30 03:00:00,5583
2025-08-30 04:00:00,5602
2025-08-30 05:00:00,5593
2025-08-30 06:00:00,5593
2025-08-30 07:00:00,5570
2025-08-30 08:00:00,5938
2025-08-30 09:00:00,5948
2025-08-30 10:00:00,5940
2025-08-30 11:00:00,6066
2025-08-30 12:00:00,6035
2025-08-30 13:00:00,5918
2025-08-30 14:00:00,6181
2025-08-30 15:00:00,6129
2025-08-30 16:00:00,6035
2025-08-30 17:00:00,5889
2025-08-30 18:00:00,5882
2025-08-30 19:00:00,5947
2025-08-30 20:00:00,5913
2025-08-30 21:00:00,5869
2025-08-30 22:00:00,5998
2025-08-30 23:00:00,6133
2025-08-31 00:00:00,6141
2025-08-31 01:00:00,6161
2025-08-31 02:00:00,5910
2025-08-31 03:00:00,5907
2025-08-31 04:00:00,5930
2025-08-31 05:00:00,5919
2025-08-31 06:00:00,5948
2025-08-31 07:00:00,5920
2025-08-31 08:00:00,5877
2025-08-31 09:00:00,5900
2025-08-31 10:00:00,5864
2025-08-31 11:00:00,5779
2025-08-31 12:00:00,5654
2025-08-31 13:00:00,5635
2025-08-31 14:00:00,5830
2025-08-31 15:00:00,6103
2025-08-31 16:00:00,6151
2025-08-31 17:00:00,5926
2025-08-31 18:00:00,6215
2025-08-31 19:00:00,6223
2025-08-31 20:00:00,6326
2025-08-31 21:00:00,6419
2025-08-31 22:00:00,6244
2025-08-31 23:00:00,6242
2025-09-01 00:00:00,6069
2025-09-01 01:00:00,5845
2025-09-01 02:00:00,5999
2025-09-01 03:00:00,5960
2025-09-01 04:00:00,5911
2025-09-01 05:00:00,5932
2025-09-01 06:00:00,5927
2025-09-01 07:00:00,5904
2025-09-01 08:00:00,6185
2025-09-01 09:00:00,6390
2025-09-01 10:00:00,6353
2025-09-01 11:00:00,6559
2025-09-01 12:00:00,6462
2025-09-01 13:00:00,6522
2025-09-01 14:00:00,6554
2025-09-01 15:00:00,6526
2025-09-01 16:00:00,6440
2025-09-01 17:00:00,5826
2025-09-01 18:00:00,5872
2025-09-01 19:00:00,5875
2025-09-01 20:00:00,6036
2025-09-01 21:00:00,5928
2025-09-01 22:00:00,5857
2025-09-01 23:00:00,5800
2025-09-02 00:00:00,5787
2025-09-02 01:00:00,5802
2025-09-02 02:00:00,5835
2025-09-02 03:00:00,5801
2025-09-02 04:00:00,5768
2025-09-02 05:00:00,5657
2025-09-02 06:00:00,5862
2025-09-02 07:00:00,5792
2025-09-02 08:00:00,5946
2025-09-02 09:00:00,6084
2025-09-02 10:00:00,6045
2025-09-02 11:00:00,6044
2025-09-02 12:00:00,6075
2025-09-02 13:00:00,6268
2025-09-02 14:00:00,6391
2025-09-02 15:00:00,6103
2025-09-02 16:00:00,6135
2025-09-02 17:00:00,5592
2025-09-02 18:00:00,5716
2025-09-02 19:00:00,5918
2025-09-02 20:00:00,6105
2025-09-02 21:00:00,6205
2025-09-02 22:00:00,6246
2025-09-02 23:00:00,6375
2025-09-03 00:00:00,6253
2025-09-03 01:00:00,6072
2025-09-03 02:00:00,6066
2025-09-03 03:00:00,6089
2025-09-03 04:00:00,6080
2025-09-03 05:00:00,6085
2025-09-03 06:00:00,5968
2025-09-03 07:00:00,5865
2025-09-03 08:00:00,6348
2025-09-03 09:00:00,29620
2025-09-03 10:00:00,200103
2025-09-03 11:00:00,154041
2025-09-03 12:00:00,6105
2025-09-03 13:00:00,6142
2025-09-03 14:00:00,6211
2025-09-03 15:00:00,11734
2025-09-03 16:00:00,6086
2025-09-03 17:00:00,5928
2025-09-03 18:00:00,5883
2025-09-03 19:00:00,5812
2025-09-03 20:00:00,5767
2025-09-03 21:00:00,5786
2025-09-03 22:00:00,5793
2025-09-03 23:00:00,5976
2025-09-04 00:00:00,6028
2025-09-04 01:00:00,5989
2025-09-04 02:00:00,5827
2025-09-04 03:00:00,5903
2025-09-04 04:00:00,5863
2025-09-04 05:00:00,5763
2025-09-04 06:00:00,54728
2025-09-04 07:00:00,53990
2025-09-04 08:00:00,49848
2025-09-04 09:00:00,46570
2025-09-04 10:00:00,47354
2025-09-04 11:00:00,46490
2025-09-04 12:00:00,47636
2025-09-04 13:00:00,48587
2025-09-04 14:00:00,39708
2025-09-04 15:00:00,6235
2025-09-04 16:00:00,6504
2025-09-04 17:00:00,6182
2025-09-04 18:00:00,5926
2025-09-04 19:00:00,6072
2025-09-04 20:00:00,6024
2025-09-04 21:00:00,6103
2025-09-04 22:00:00,6036
2025-09-04 23:00:00,5904
2025-09-05 00:00:00,5711
2025-09-05 01:00:00,5719
2025-09-05 02:00:00,5797
2025-09-05 03:00:00,5964
2025-09-05 04:00:00,5912
2025-09-05 05:00:00,5913
2025-09-05 06:00:00,5937
2025-09-05 07:00:00,5937
2025-09-05 08:00:00,15797
2025-09-05 09:00:00,6590
2025-09-05 10:00:00,6440
2025-09-05 11:00:00,6603
2025-09-05 12:00:00,6665
2025-09-05 13:00:00,14849
2025-09-05 14:00:00,6599
2025-09-05 15:00:00,6488
2025-09-05 16:00:00,6634
2025-09-05 17:00:00,6908
2025-09-05 18:00:00,6773
2025-09-05 19:00:00,6799
2025-09-05 20:00:00,6750
2025-09-05 21:00:00,6816
2025-09-05 22:00:00,6714
2025-09-05 23:00:00,6683
2025-09-06 00:00:00,6679
2025-09-06 01:00:00,6714
2025-09-06 02:00:00,6703
2025-09-06 03:00:00,6691
2025-09-06 04:00:00,6709
2025-09-06 05:00:00,6698
2025-09-06 06:00:00,6706
2025-09-06 07:00:00,6714
2025-09-06 08:00:00,6743
2025-09-06 09:00:00,6738
2025-09-06 10:00:00,6683
2025-09-06 11:00:00,6690
2025-09-06 12:00:00,6742
2025-09-06 13:00:00,6780
2025-09-06 14:00:00,6778
2025-09-06 15:00:00,6756
2025-09-06 16:00:00,6818
2025-09-06 17:00:00,6935
2025-09-06 18:00:00,6960
2025-09-06 19:00:00,6982
2025-09-06 20:00:00,6977
2025-09-06 21:00:00,6997
2025-09-06 22:00:00,6874
2025-09-06 23:00:00,6960
2025-09-07 00:00:00,6924
2025-09-07 01:00:00,6709
2025-09-07 02:00:00,6667
2025-09-07 03:00:00,6689
2025-09-07 04:00:00,6675
2025-09-07 05:00:00,6675
2025-09-07 06:00:00,6514
2025-09-07 07:00:00,6709
2025-09-07 08:00:00,7022
2025-09-07 09:00:00,7021
2025-09-07 10:00:00,7017
2025-09-07 11:00:00,7010
2025-09-07 12:00:00,7073
2025-09-07 13:00:00,7241
2025-09-07 14:00:00,7185
2025-09-07 15:00:00,7317
2025-09-07 16:00:00,7670
2025-09-07 17:00:00,7483
2025-09-07 18:00:00,7452
2025-09-07 19:00:00,7464
2025-09-07 20:00:00,7495
2025-09-07 21:00:00,7473
2025-09-07 22:00:00,7464
2025-09-07 23:00:00,7452
2025-09-08 00:00:00,7407
2025-09-08 01:00:00,7072
2025-09-08 02:00:00,6964
2025-09-08 03:00:00,7014
2025-09-08 04:00:00,7031
2025-09-08 05:00:00,7308
2025-09-08 06:00:00,7035
2025-09-08 07:00:00,13968
2025-09-08 08:00:00,7166
2025-09-08 09:00:00,14148
2025-09-08 10:00:00,48079
2025-09-08 11:00:00,46311
2025-09-08 12:00:00,48711
2025-09-08 13:00:00,57412
2025-09-08 14:00:00,58655
2025-09-08 15:00:00,19499
2025-09-08 16:00:00,6644
2025-09-08 17:00:00,6431
2025-09-08 18:00:00,6452
2025-09-08 19:00:00,6498
2025-09-08 20:00:00,6646
2025-09-08 21:00:00,6496
2025-09-08 22:00:00,6578
2025-09-08 23:00:00,6525
2025-09-09 00:00:00,6778
2025-09-09 01:00:00,6743
2025-09-09 02:00:00,6749
2025-09-09 03:00:00,6690
2025-09-09 04:00:00,6714
2025-09-09 05:00:00,6683
2025-09-09 06:00:00,6692
2025-09-09 07:00:00,6665
2025-09-09 08:00:00,6772
2025-09-09 09:00:00,7131
2025-09-09 10:00:00,6991
2025-09-09 11:00:00,50903
2025-09-09 12:00:00,51006
2025-09-09 13:00:00,49367
2025-09-09 14:00:00,49437
2025-09-09 15:00:00,61486
2025-09-09 16:00:00,10960
2025-09-09 17:00:00,6642
2025-09-09 18:00:00,6692
2025-09-09 19:00:00,6661
2025-09-09 20:00:00,6695
2025-09-09 21:00:00,6711
2025-09-09 22:00:00,6691
2025-09-09 23:00:00,6587
2025-09-10 00:00:00,6600
2025-09-10 01:00:00,6606
2025-09-10 02:00:00,6588
2025-09-10 03:00:00,6431
2025-09-10 04:00:00,6372
2025-09-10 05:00:00,6330
2025-09-10 06:00:00,6385
2025-09-10 07:00:00,6394
2025-09-10 08:00:00,7564
2025-09-10 09:00:00,7616
2025-09-10 10:00:00,7582
2025-09-10 11:00:00,7139
2025-09-10 12:00:00,6916
2025-09-10 13:00:00,6903
2025-09-10 14:00:00,6634
2025-09-10 15:00:00,6830
2025-09-10 16:00:00,7120
2025-09-10 17:00:00,7295
2025-09-10 18:00:00,7419
2025-09-10 19:00:00,7407
2025-09-10 20:00:00,7453
2025-09-10 21:00:00,7523
2025-09-10 22:00:00,7678
2025-09-10 23:00:00,7628
2025-09-11 00:00:00,7838
2025-09-11 01:00:00,7617
2025-09-11 02:00:00,7719
2025-09-11 03:00:00,7617
2025-09-11 04:00:00,7402
2025-09-11 05:00:00,7471
2025-09-11 06:00:00,7494
2025-09-11 07:00:00,7855
2025-09-11 08:00:00,8087
2025-09-11 09:00:00,8253
2025-09-11 10:00:00,8060
2025-09-11 11:00:00,7890
2025-09-11 12:00:00,7851
2025-09-11 13:00:00,7590
2025-09-11 14:00:00,7193
2025-09-11 15:00:00,6761
2025-09-11 16:00:00,6643
2025-09-11 17:00:00,6461
2025-09-11 18:00:00,6376
2025-09-11 19:00:00,6417
2025-09-11 20:00:00,6327
2025-09-11 21:00:00,6090
2025-09-11 22:00:00,6406
2025-09-11 23:00:00,6243
2025-09-12 00:00:00,6436
2025-09-12 01:00:00,6411
2025-09-12 02:00:00,6420
2025-09-12 03:00:00,6454
2025-09-12 04:00:00,6464
2025-09-12 05:00:00,6487
2025-09-12 06:00:00,6683
2025-09-12 07:00:00,6736
2025-09-12 08:00:00,6856
2025-09-12 09:00:00,10816
2025-09-12 10:00:00,7197
2025-09-12 11:00:00,7228
2025-09-12 12:00:00,15179
2025-09-12 13:00:00,9879
2025-09-12 14:00:00,7125
2025-09-12 15:00:00,7012
2025-09-12 16:00:00,6751
2025-09-12 17:00:00,6623
2025-09-12 18:00:00,6685
2025-09-12 19:00:00,6676
2025-09-12 20:00:00,6708
2025-09-12 21:00:00,6735
2025-09-12 22:00:00,6705
2025-09-12 23:00:00,6732
2025-09-13 00:00:00,6598
2025-09-13 01:00:00,6534
2025-09-13 02:00:00,6474
2025-09-13 03:00:00,6426
2025-09-13 04:00:00,6439
2025-09-13 05:00:00,6414
2025-09-13 06:00:00,6421
2025-09-13 07:00:00,6375
2025-09-13 08:00:00,6672
2025-09-13 09:00:00,6701
2025-09-13 10:00:00,6908
2025-09-13 11:00:00,6972
2025-09-13 12:00:00,6984
2025-09-13 13:00:00,6968
2025-09-13 14:00:00,6988
2025-09-13 15:00:00,7087
2025-09-13 16:00:00,7236
2025-09-13 17:00:00,7040
2025-09-13 18:00:00,7145
2025-09-13 19:00:00,6741
2025-09-13 20:00:00,6747
2025-09-13 21:00:00,6736
2025-09-13 22:00:00,6729
2025-09-13 23:00:00,6676
2025-09-14 00:00:00,6675
2025-09-14 01:00:00,6692
2025-09-14 02:00:00,6687
2025-09-14 03:00:00,6660
2025-09-14 04:00:00,6766
2025-09-14 05:00:00,6649
2025-09-14 06:00:00,6638
2025-09-14 07:00:00,6624
2025-09-14 08:00:00,6920
2025-09-14 09:00:00,6924
2025-09-14 10:00:00,7209
2025-09-14 11:00:00,7178
2025-09-14 12:00:00,7395
2025-09-14 13:00:00,7582
2025-09-14 14:00:00,7547
2025-09-14 15:00:00,7452
2025-09-14 16:00:00,7276
2025-09-14 17:00:00,7117
2025-09-14 18:00:00,7254
2025-09-14 19:00:00,7113
2025-09-14 20:00:00,6988
2025-09-14 21:00:00,6842
2025-09-14 22:00:00,6726
2025-09-14 23:00:00,6862
2025-09-15 00:00:00,6292
2025-09-15 01:00:00,6208
2025-09-15 02:00:00,6207
2025-09-15 03:00:00,6206
2025-09-15 04:00:00,6201
2025-09-15 05:00:00,6213
2025-09-15 06:00:00,6214
2025-09-15 07:00:00,5951
2025-09-15 08:00:00,6131
2025-09-15 09:00:00,7014
2025-09-15 10:00:00,7041
2025-09-15 11:00:00,7230
2025-09-15 12:00:00,7508
2025-09-15 13:00:00,7597
2025-09-15 14:00:00,7590
2025-09-15 15:00:00,7576
2025-09-15 16:00:00,7493
2025-09-15 17:00:00,7267
2025-09-15 18:00:00,7043
2025-09-15 19:00:00,6750
2025-09-15 20:00:00,6768
2025-09-15 21:00:00,6793
2025-09-15 22:00:00,6854
2025-09-15 23:00:00,6779
2025-09-16 00:00:00,6772
2025-09-16 01:00:00,6772
2025-09-16 02:00:00,6765
2025-09-16 03:00:00,6801
2025-09-16 04:00:00,6825
2025-09-16 05:00:00,6933
2025-09-16 06:00:00,7106
2025-09-16 07:00:00,7109
2025-09-16 08:00:00,7009
2025-09-16 09:00:00,6957
2025-09-16 10:00:00,6899
2025-09-16 11:00:00,6781
2025-09-16 12:00:00,6865
2025-09-16 13:00:00,7391
2025-09-16 14:00:00,7291
2025-09-16 15:00:00,7142
2025-09-16 16:00:00,6821
2025-09-16 17:00:00,6312
2025-09-16 18:00:00,6247
2025-09-16 19:00:00,6454
2025-09-16 20:00:00,6639
2025-09-16 21:00:00,6689
2025-09-16 22:00:00,6523
2025-09-16 23:00:00,6307
2025-09-17 00:00:00,6088
2025-09-17 01:00:00,5887
2025-09-17 02:00:00,5887
2025-09-17 03:00:00,5833
2025-09-17 04:00:00,5998
2025-09-17 05:00:00,6126
2025-09-17 06:00:00,6116
2025-09-17 07:00:00,6117
2025-09-17 08:00:00,6566
2025-09-17 09:00:00,6998
2025-09-17 10:00:00,6915
2025-09-17 11:00:00,6654
2025-09-17 12:00:00,33962
2025-09-17 13:00:00,52573
2025-09-17 14:00:00,21101
2025-09-17 15:00:00,7046
2025-09-17 16:00:00,6927
2025-09-17 17:00:00,6729
2025-09-17 18:00:00,6855
2025-09-17 19:00:00,7235
2025-09-17 20:00:00,7319
2025-09-17 21:00:00,6861
2025-09-17 22:00:00,6840
2025-09-17 23:00:00,6582
2025-09-18 00:00:00,6108
2025-09-18 01:00:00,5981
2025-09-18 02:00:00,5972
2025-09-18 03:00:00,6023
2025-09-18 04:00:00,6015
2025-09-18 05:00:00,6030
2025-09-18 06:00:00,6046
2025-09-18 07:00:00,6121
2025-09-18 08:00:00,6709
2025-09-18 09:00:00,6678
2025-09-18 10:00:00,6568
2025-09-18 11:00:00,6665
2025-09-18 12:00:00,6351
2025-09-18 13:00:00,6497
2025-09-18 14:00:00,6617
2025-09-18 15:00:00,6460
2025-09-18 16:00:00,6191
2025-09-18 17:00:00,5801
2025-09-18 18:00:00,5820
2025-09-18 19:00:00,5753
2025-09-18 20:00:00,5798
2025-09-18 21:00:00,5556
2025-09-18 22:00:00,5596
2025-09-18 23:00:00,5793
2025-09-19 00:00:00,5236
2025-09-19 01:00:00,5011
2025-09-19 02:00:00,5018
2025-09-19 03:00:00,5018
2025-09-19 04:00:00,5027
2025-09-19 05:00:00,5006
2025-09-19 06:00:00,5022
2025-09-19 07:00:00,5028
2025-09-19 08:00:00,5986
2025-09-19 09:00:00,6618
2025-09-19 10:00:00,6522
2025-09-19 11:00:00,6363
2025-09-19 12:00:00,6463
2025-09-19 13:00:00,6347
2025-09-19 14:00:00,6254
2025-09-19 15:00:00,5974
2025-09-19 16:00:00,5709
2025-09-19 17:00:00,5760
2025-09-19 18:00:00,5792
2025-09-19 19:00:00,5759
2025-09-19 20:00:00,5746
2025-09-19 21:00:00,5744
2025-09-19 22:00:00,5775
2025-09-19 23:00:00,5880
2025-09-20 00:00:00,5747
2025-09-20 01:00:00,5741
2025-09-20 02:00:00,5739
2025-09-20 03:00:00,5777
2025-09-20 04:00:00,5692
2025-09-20 05:00:00,5536
2025-09-20 06:00:00,5580
2025-09-20 07:00:00,5531
2025-09-20 08:00:00,6021
2025-09-20 09:00:00,6051
2025-09-20 10:00:00,6032
2025-09-20 11:00:00,6042
2025-09-20 12:00:00,6083
2025-09-20 13:00:00,6350
2025-09-20 14:00:00,6328
2025-09-20 15:00:00,6285
2025-09-20 16:00:00,6295
2025-09-20 17:00:00,6368
2025-09-20 18:00:00,6302
2025-09-20 19:00:00,6311
2025-09-20 20:00:00,6339
2025-09-20 21:00:00,6318
2025-09-20 22:00:00,6313
2025-09-20 23:00:00,6383
2025-09-21 00:00:00,6375
2025-09-21 01:00:00,6155
2025-09-21 02:00:00,6108
2025-09-21 03:00:00,6077
2025-09-21 04:00:00,6031
2025-09-21 05:00:00,6035
2025-09-21 06:00:00,6034
2025-09-21 07:00:00,6033
2025-09-21 08:00:00,5797
2025-09-21 09:00:00,5767
2025-09-21 10:00:00,5742
2025-09-21 11:00:00,5786
2025-09-21 12:00:00,5780
2025-09-21 13:00:00,5791
2025-09-21 14:00:00,5611
2025-09-21 15:00:00,5765
2025-09-21 16:00:00,5836
2025-09-21 17:00:00,6004
2025-09-21 18:00:00,5718
2025-09-21 19:00:00,5630
2025-09-21 20:00:00,5331
2025-09-21 21:00:00,5398
2025-09-21 22:00:00,5658
2025-09-21 23:00:00,5729
2025-09-22 00:00:00,5611
2025-09-22 01:00:00,5469
2025-09-22 02:00:00,5476
2025-09-22 03:00:00,5484
2025-09-22 04:00:00,5458
2025-09-22 05:00:00,5458
2025-09-22 06:00:00,5467
2025-09-22 07:00:00,5472
2025-09-22 08:00:00,6038
2025-09-22 09:00:00,6279
2025-09-22 10:00:00,6384
2025-09-22 11:00:00,6446
2025-09-22 12:00:00,6515
2025-09-22 13:00:00,6322
2025-09-22 14:00:00,6503
2025-09-22 15:00:00,6675
2025-09-22 16:00:00,6499
2025-09-22 17:00:00,6057
2025-09-22 18:00:00,5990
2025-09-22 19:00:00,5977
2025-09-22 20:00:00,5843
2025-09-22 21:00:00,6037
2025-09-22 22:00:00,6115
2025-09-22 23:00:00,6077
2025-09-23 00:00:00,5504
2025-09-23 01:00:00,5339
2025-09-23 02:00:00,5535
2025-09-23 03:00:00,5540
2025-09-23 04:00:00,5535
2025-09-23 05:00:00,5559
2025-09-23 06:00:00,5545
2025-09-23 07:00:00,5551
2025-09-23 08:00:00,6444
2025-09-23 09:00:00,7094
2025-09-23 10:00:00,7149
2025-09-23 11:00:00,6663
2025-09-23 12:00:00,6912
2025-09-23 13:00:00,6485
2025-09-23 14:00:00,6246
2025-09-23 15:00:00,6138
2025-09-23 16:00:00,6534
2025-09-23 17:00:00,6048
2025-09-23 18:00:00,5946
2025-09-23 19:00:00,6091
2025-09-23 20:00:00,6299
2025-09-23 21:00:00,6168
2025-09-23 22:00:00,6141
2025-09-23 23:00:00,5931
2025-09-24 00:00:00,5959
2025-09-24 01:00:00,5925
2025-09-24 02:00:00,5911
2025-09-24 03:00:00,5947
2025-09-24 04:00:00,5987
2025-09-24 05:00:00,6000
2025-09-24 06:00:00,6033
2025-09-24 07:00:00,6018
2025-09-24 08:00:00,6362
2025-09-24 09:00:00,6475
2025-09-24 10:00:00,6600
2025-09-24 11:00:00,6756
2025-09-24 12:00:00,6987
2025-09-24 13:00:00,7302
2025-09-24 14:00:00,6966
2025-09-24 15:00:00,6941
2025-09-24 16:00:00,6910
2025-09-24 17:00:00,6603
2025-09-24 18:00:00,6957
2025-09-24 19:00:00,6777
2025-09-24 20:00:00,6898
2025-09-24 21:00:00,6805
2025-09-24 22:00:00,6820
2025-09-24 23:00:00,6816
2025-09-25 00:00:00,6806
2025-09-25 01:00:00,6733
2025-09-25 02:00:00,6533
2025-09-25 03:00:00,6500
2025-09-25 04:00:00,6487
2025-09-25 05:00:00,6476
2025-09-25 06:00:00,6480
2025-09-25 07:00:00,6514
2025-09-25 08:00:00,6666
2025-09-25 09:00:00,6839
2025-09-25 10:00:00,7101
2025-09-25 11:00:00,48381
2025-09-25 12:00:00,47143
2025-09-25 13:00:00,32762
2025-09-25 14:00:00,7754
2025-09-25 15:00:00,13129
2025-09-25 16:00:00,7298
2025-09-25 17:00:00,7151
2025-09-25 18:00:00,7365
2025-09-25 19:00:00,7727
2025-09-25 20:00:00,7689
2025-09-25 21:00:00,7560
2025-09-25 22:00:00,7170
2025-09-25 23:00:00,6901
2025-09-26 00:00:00,6546
2025-09-26 01:00:00,6123
2025-09-26 02:00:00,6111
2025-09-26 03:00:00,6123
2025-09-26 04:00:00,6134
2025-09-26 05:00:00,6218
2025-09-26 06:00:00,6433
2025-09-26 07:00:00,6550
2025-09-26 08:00:00,6689
2025-09-26 09:00:00,24403
2025-09-26 10:00:00,53146
2025-09-26 11:00:00,51235
2025-09-26 12:00:00,49548
2025-09-26 13:00:00,49553
2025-09-26 14:00:00,25851
2025-09-26 15:00:00,7688
2025-09-26 16:00:00,7429
2025-09-26 17:00:00,7570
2025-09-26 18:00:00,7535
2025-09-26 19:00:00,7548
2025-09-26 20:00:00,7580
2025-09-26 21:00:00,7702
2025-09-26 22:00:00,7044
2025-09-26 23:00:00,7125
2025-09-27 00:00:00,6248
2025-09-27 01:00:00,5988
2025-09-27 02:00:00,6031
2025-09-27 03:00:00,5998
2025-09-27 04:00:00,6019
2025-09-27 05:00:00,6068
2025-09-27 06:00:00,6070
2025-09-27 07:00:00,6037
2025-09-27 08:00:00,6266
2025-09-27 09:00:00,6817
2025-09-27 10:00:00,7022
2025-09-27 11:00:00,6998
2025-09-27 12:00:00,6953
2025-09-27 13:00:00,7005
2025-09-27 14:00:00,7003
2025-09-27 15:00:00,7190
2025-09-27 16:00:00,7304
2025-09-27 17:00:00,7043
2025-09-27 18:00:00,7037
2025-09-27 19:00:00,7077
2025-09-27 20:00:00,7073
2025-09-27 21:00:00,7190
2025-09-27 22:00:00,7296
2025-09-27 23:00:00,7363
2025-09-28 00:00:00,7512
2025-09-28 01:00:00,7347
2025-09-28 02:00:00,7335
2025-09-28 03:00:00,7305
2025-09-28 04:00:00,7061
2025-09-28 05:00:00,7029
2025-09-28 06:00:00,7010
2025-09-28 07:00:00,7002
2025-09-28 08:00:00,7269
2025-09-28 09:00:00,7297
2025-09-28 10:00:00,7076
2025-09-28 11:00:00,7013
2025-09-28 12:00:00,7019
2025-09-28 13:00:00,7190
2025-09-28 14:00:00,7116
2025-09-28 15:00:00,7304
2025-09-28 16:00:00,7068
2025-09-28 17:00:00,6996
2025-09-28 18:00:00,7021
2025-09-28 19:00:00,7003
2025-09-28 20:00:00,7094
2025-09-28 21:00:00,6954
2025-09-28 22:00:00,6826
2025-09-28 23:00:00,6819
2025-09-29 00:00:00,6805
2025-09-29 01:00:00,6611
2025-09-29 02:00:00,6473
2025-09-29 03:00:00,6478
2025-09-29 04:00:00,6480
2025-09-29 05:00:00,6475
2025-09-29 06:00:00,6484
2025-09-29 07:00:00,6472
2025-09-29 08:00:00,6730
2025-09-29 09:00:00,6734
2025-09-29 10:00:00,18631
2025-09-29 11:00:00,55709
2025-09-29 12:00:00,46985
2025-09-29 13:00:00,47388
2025-09-29 14:00:00,50655
2025-09-29 15:00:00,58538
2025-09-29 16:00:00,51337
2025-09-29 17:00:00,50579
2025-09-29 18:00:00,56769
2025-09-29 19:00:00,55401
2025-09-29 20:00:00,51951
2025-09-29 21:00:00,50996
2025-09-29 22:00:00,50220
2025-09-29 23:00:00,50700
2025-09-30 00:00:00,52042
2025-09-30 01:00:00,51332
2025-09-30 02:00:00,51746
2025-09-30 03:00:00,53114
2025-09-30 04:00:00,54424
2025-09-30 05:00:00,55070
2025-09-30 06:00:00,36009
2025-09-30 07:00:00,5973
2025-09-30 08:00:00,6545
2025-09-30 09:00:00,6720
2025-09-30 10:00:00,6677
2025-09-30 11:00:00,5176
